frame,person_id,anomaly_type,timestamp,timestamp_sec,bbox,duration_sec
25,1,Looking Away,00:00,0.8341666666666667,"(1063,438,1650,976)",
25,2,Looking Away,00:00,0.8341666666666667,"(1395,327,1685,586)",
25,4,Looking Away,00:00,0.8341666666666667,"(316,373,665,1065)",
26,5,Looking Away,00:00,0.8675333333333334,"(314,388,635,715)",
27,3,Looking Away,00:00,0.9009,"(465,84,681,629)",
30,1,Excessive Head Turn,00:01,1.0010000000000001,"(1073,441,1652,971)",
33,3,Excessive Head Turn,00:01,1.1011,"(472,85,676,583)",
36,4,Excessive Head Turn,00:01,1.2012,"(316,383,683,1065)",
40,2,Looking Away,00:01,1.3346666666666667,"(1397,329,1694,596)",0.5005
40,4,Looking Away,00:01,1.3346666666666667,"(314,386,690,1065)",0.5005
41,1,Looking Away,00:01,1.3680333333333334,"(1084,444,1673,977)",0.5338666666666667
41,5,Looking Away,00:01,1.3680333333333334,"(312,386,669,735)",0.5005000000000001
42,3,Looking Away,00:01,1.4014,"(474,87,687,573)",0.5005
45,1,Excessive Head Turn,00:01,1.5015,"(1083,443,1675,978)",0.5005
46,2,Excessive Head Turn,00:01,1.5348666666666666,"(1403,332,1696,592)",
47,5,Excessive Head Turn,00:01,1.5682333333333334,"(312,392,673,741)",
48,3,Excessive Head Turn,00:01,1.6016000000000001,"(479,87,696,573)",0.5005000000000002
48,5,Excessive Hand Movement,00:01,1.6016000000000001,"(313,393,673,741)",
49,2,Excessive Hand Movement,00:01,1.6349666666666667,"(1406,332,1697,589)",
50,4,Excessive Hand Movement,00:01,1.6683333333333334,"(304,395,691,1066)",
51,1,Excessive Hand Movement,00:01,1.7017,"(1084,440,1682,981)",
51,4,Excessive Head Turn,00:01,1.7017,"(306,396,693,1066)",0.5005
55,2,Looking Away,00:01,1.8351666666666666,"(1411,335,1700,587)",0.5005
55,4,Looking Away,00:01,1.8351666666666666,"(309,399,698,1066)",0.5005
56,1,Looking Away,00:01,1.8685333333333334,"(1089,438,1685,980)",0.5005
56,5,Looking Away,00:01,1.8685333333333334,"(320,401,680,738)",0.5005
57,3,Looking Away,00:01,1.9019,"(487,86,708,572)",0.5005
60,1,Excessive Head Turn,00:02,2.0020000000000002,"(1085,435,1687,982)",0.5005000000000002
61,2,Excessive Head Turn,00:02,2.0353666666666665,"(1416,334,1709,590)",0.5005
62,5,Excessive Head Turn,00:02,2.0687333333333333,"(326,406,683,740)",0.5005
63,3,Excessive Head Turn,00:02,2.1021,"(495,88,713,569)",0.5005
63,5,Excessive Hand Movement,00:02,2.1021,"(327,407,683,740)",0.5005
64,2,Excessive Hand Movement,00:02,2.135466666666667,"(1421,332,1714,591)",0.5005000000000002
65,4,Excessive Hand Movement,00:02,2.168833333333333,"(313,407,708,1069)",0.5004999999999997
66,1,Excessive Hand Movement,00:02,2.2022,"(1101,435,1695,981)",0.5005
66,4,Excessive Head Turn,00:02,2.2022,"(312,408,708,1069)",0.5005
70,2,Looking Away,00:02,2.3356666666666666,"(1422,332,1711,590)",0.5005
70,4,Looking Away,00:02,2.3356666666666666,"(313,410,713,1070)",0.5005
71,1,Looking Away,00:02,2.3690333333333333,"(1102,422,1702,983)",0.5005
71,5,Looking Away,00:02,2.3690333333333333,"(336,414,686,743)",0.5005
72,3,Looking Away,00:02,2.4024,"(500,92,717,570)",0.5005000000000002
75,1,Excessive Head Turn,00:02,2.5025,"(1103,415,1708,986)",0.5004999999999997
76,2,Excessive Head Turn,00:02,2.5358666666666667,"(1423,337,1706,590)",0.5005000000000002
77,5,Excessive Head Turn,00:02,2.5692333333333335,"(342,420,689,744)",0.5005000000000002
79,5,Excessive Hand Movement,00:02,2.6359666666666666,"(344,421,689,745)",0.5338666666666665
80,2,Excessive Hand Movement,00:02,2.6693333333333333,"(1425,336,1709,592)",0.5338666666666665
80,4,Excessive Hand Movement,00:02,2.6693333333333333,"(340,412,752,1067)",0.5005000000000002
81,1,Excessive Hand Movement,00:02,2.7027,"(1111,413,1708,982)",0.5005000000000002
81,4,Excessive Head Turn,00:02,2.7027,"(325,410,737,1067)",0.5005000000000002
85,2,Looking Away,00:02,2.8361666666666667,"(1425,337,1709,595)",0.5005000000000002
85,4,Looking Away,00:02,2.8361666666666667,"(316,411,719,1069)",0.5005000000000002
86,1,Looking Away,00:02,2.8695333333333335,"(1113,414,1712,987)",0.5005000000000002
90,1,Excessive Head Turn,00:03,3.003,"(1116,413,1717,987)",0.5005000000000002
91,2,Excessive Head Turn,00:03,3.036366666666667,"(1424,339,1705,597)",0.5005000000000002
95,2,Excessive Hand Movement,00:03,3.1698333333333335,"(1423,339,1702,595)",0.5005000000000002
97,4,Excessive Head Turn,00:03,3.2365666666666666,"(331,417,716,1070)",0.5338666666666665
98,1,Excessive Hand Movement,00:03,3.2699333333333334,"(1118,404,1724,986)",0.5672333333333333
98,4,Excessive Hand Movement,00:03,3.2699333333333334,"(331,418,716,1070)",0.6006
100,2,Looking Away,00:03,3.336666666666667,"(1416,340,1696,593)",0.5005000000000002
100,4,Looking Away,00:03,3.336666666666667,"(331,422,714,1072)",0.5005000000000002
101,1,Looking Away,00:03,3.370033333333333,"(1116,399,1725,987)",0.5004999999999997
105,1,Excessive Head Turn,00:03,3.5035000000000003,"(1113,393,1724,988)",0.5005000000000002
106,2,Excessive Head Turn,00:03,3.5368666666666666,"(1399,340,1687,591)",0.5004999999999997
112,4,Excessive Head Turn,00:03,3.7370666666666668,"(332,418,710,1069)",0.5005000000000002
115,2,Looking Away,00:03,3.8371666666666666,"(1380,338,1694,606)",0.5004999999999997
115,4,Looking Away,00:03,3.8371666666666666,"(331,417,708,1068)",0.5004999999999997
116,1,Looking Away,00:03,3.8705333333333334,"(1115,389,1721,986)",0.5005000000000002
120,1,Excessive Head Turn,00:04,4.0040000000000004,"(1117,389,1719,984)",0.5005000000000002
121,2,Excessive Head Turn,00:04,4.037366666666666,"(1383,339,1688,599)",0.5004999999999997
123,4,Excessive Hand Movement,00:04,4.1041,"(328,418,702,1067)",0.8341666666666665
124,1,Excessive Hand Movement,00:04,4.137466666666667,"(1116,390,1716,986)",0.8675333333333333
124,2,Excessive Hand Movement,00:04,4.137466666666667,"(1382,337,1687,598)",0.9676333333333331
127,4,Excessive Head Turn,00:04,4.237566666666667,"(326,426,698,1070)",0.5005000000000002
130,2,Looking Away,00:04,4.337666666666666,"(1386,338,1681,592)",0.5004999999999997
130,4,Looking Away,00:04,4.337666666666666,"(326,428,698,1070)",0.5004999999999997
131,1,Looking Away,00:04,4.371033333333333,"(1118,390,1715,985)",0.5004999999999997
135,1,Excessive Head Turn,00:04,4.5045,"(1117,391,1713,985)",0.5004999999999997
136,2,Excessive Head Turn,00:04,4.537866666666667,"(1384,337,1676,588)",0.5005000000000006
142,4,Excessive Head Turn,00:04,4.738066666666667,"(324,426,705,1069)",0.5004999999999997
145,2,Looking Away,00:04,4.838166666666667,"(1377,338,1668,590)",0.5005000000000006
145,4,Looking Away,00:04,4.838166666666667,"(320,423,706,1071)",0.5005000000000006
146,1,Looking Away,00:04,4.871533333333334,"(1114,391,1711,985)",0.5005000000000006
149,1,Excessive Hand Movement,00:04,4.971633333333333,"(1112,391,1710,987)",0.8341666666666665
150,1,Excessive Head Turn,00:05,5.005,"(1112,391,1709,985)",0.5004999999999997
150,2,Excessive Hand Movement,00:05,5.005,"(1374,334,1664,587)",0.8675333333333333
151,2,Excessive Head Turn,00:05,5.038366666666667,"(1374,334,1663,587)",0.5004999999999997
156,4,Excessive Hand Movement,00:05,5.2052000000000005,"(332,413,753,1072)",1.1011000000000006
157,4,Excessive Head Turn,00:05,5.238566666666666,"(328,412,752,1072)",0.5004999999999997
160,2,Looking Away,00:05,5.338666666666667,"(1395,338,1668,584)",0.5004999999999997
160,4,Looking Away,00:05,5.338666666666667,"(314,421,728,1068)",0.5004999999999997
161,1,Looking Away,00:05,5.372033333333333,"(1107,408,1672,982)",0.5004999999999997
165,1,Excessive Head Turn,00:05,5.5055000000000005,"(1118,413,1678,977)",0.5005000000000006
165,1,Excessive Hand Movement,00:05,5.5055000000000005,"(1118,413,1678,977)",0.5338666666666674
166,2,Excessive Head Turn,00:05,5.538866666666666,"(1412,338,1665,580)",0.5004999999999997
168,2,Excessive Hand Movement,00:05,5.6056,"(1413,339,1661,582)",0.6006
172,4,Excessive Head Turn,00:05,5.739066666666667,"(326,428,782,1070)",0.5005000000000006
175,2,Looking Away,00:05,5.839166666666666,"(1413,339,1653,585)",0.5004999999999997
176,1,Looking Away,00:05,5.872533333333333,"(1117,441,1665,979)",0.5004999999999997
176,4,Looking Away,00:05,5.872533333333333,"(320,424,787,1068)",0.5338666666666665
179,4,Excessive Hand Movement,00:05,5.9726333333333335,"(318,423,788,1067)",0.767433333333333
180,1,Excessive Head Turn,00:06,6.006,"(1113,440,1669,982)",0.5004999999999997
180,1,Excessive Hand Movement,00:06,6.006,"(1113,440,1669,982)",0.5004999999999997
181,2,Excessive Head Turn,00:06,6.039366666666667,"(1411,337,1645,585)",0.5005000000000006
183,2,Excessive Hand Movement,00:06,6.1061000000000005,"(1411,336,1641,581)",0.5005000000000006
187,4,Excessive Head Turn,00:06,6.239566666666667,"(301,424,772,1068)",0.5004999999999997
190,2,Looking Away,00:06,6.339666666666667,"(1396,336,1629,582)",0.5005000000000006
191,1,Looking Away,00:06,6.373033333333334,"(1099,406,1680,980)",0.5005000000000006
191,4,Looking Away,00:06,6.373033333333334,"(290,424,745,1068)",0.5005000000000006
194,4,Excessive Hand Movement,00:06,6.473133333333333,"(308,423,764,1067)",0.5004999999999997
195,10,Looking Away,00:06,6.5065,"(604,151,872,1025)",
196,1,Excessive Head Turn,00:06,6.539866666666667,"(1095,395,1680,982)",0.5338666666666665
196,1,Excessive Hand Movement,00:06,6.539866666666667,"(1095,395,1680,982)",0.5338666666666665
196,2,Excessive Head Turn,00:06,6.539866666666667,"(1368,333,1619,580)",0.5004999999999997
198,2,Excessive Hand Movement,00:06,6.6066,"(1361,333,1619,582)",0.5004999999999997
199,10,Excessive Head Turn,00:06,6.639966666666667,"(602,141,876,1025)",
202,4,Excessive Head Turn,00:06,6.740066666666666,"(311,419,772,1066)",0.5004999999999997
205,2,Looking Away,00:06,6.840166666666667,"(1351,331,1622,579)",0.5004999999999997
206,1,Looking Away,00:06,6.8735333333333335,"(1099,392,1677,983)",0.5004999999999997
206,4,Looking Away,00:06,6.8735333333333335,"(308,418,773,1068)",0.5004999999999997
209,4,Excessive Hand Movement,00:06,6.973633333333334,"(304,418,769,1068)",0.5005000000000006
210,10,Looking Away,00:07,7.007000000000001,"(617,146,890,1025)",0.5005000000000006
211,1,Excessive Head Turn,00:07,7.040366666666666,"(1104,396,1678,983)",0.5004999999999997
211,1,Excessive Hand Movement,00:07,7.040366666666666,"(1104,396,1678,983)",0.5004999999999997
211,2,Excessive Head Turn,00:07,7.040366666666666,"(1352,334,1629,584)",0.5004999999999997
213,2,Excessive Hand Movement,00:07,7.1071,"(1358,332,1633,583)",0.5004999999999997
214,10,Excessive Head Turn,00:07,7.140466666666667,"(629,140,908,1022)",0.5004999999999997
215,10,Excessive Hand Movement,00:07,7.1738333333333335,"(629,138,911,1022)",
220,2,Looking Away,00:07,7.3406666666666665,"(1388,332,1641,580)",0.5004999999999997
223,1,Looking Away,00:07,7.440766666666667,"(1119,409,1687,977)",0.5672333333333333
225,10,Looking Away,00:07,7.5075,"(644,134,938,1000)",0.5004999999999997
226,1,Excessive Head Turn,00:07,7.540866666666667,"(1122,414,1688,977)",0.5005000000000006
226,2,Excessive Head Turn,00:07,7.540866666666667,"(1392,333,1630,576)",0.5005000000000006
229,10,Excessive Head Turn,00:07,7.6409666666666665,"(658,129,964,1019)",0.5004999999999997
233,1,Excessive Hand Movement,00:07,7.7744333333333335,"(1128,426,1691,975)",0.7340666666666671
235,2,Looking Away,00:07,7.841166666666667,"(1390,329,1626,578)",0.5005000000000006
238,1,Looking Away,00:07,7.9412666666666665,"(1131,443,1687,978)",0.5004999999999997
241,1,Excessive Head Turn,00:08,8.041366666666667,"(1131,454,1685,981)",0.5004999999999997
241,10,Looking Away,00:08,8.041366666666667,"(712,128,1018,1029)",0.5338666666666665
241,2,Excessive Head Turn,00:08,8.041366666666667,"(1389,328,1627,578)",0.5004999999999997
244,10,Excessive Head Turn,00:08,8.141466666666666,"(756,127,1065,1029)",0.5004999999999997
248,1,Excessive Hand Movement,00:08,8.274933333333333,"(1134,471,1684,978)",0.5004999999999997
250,2,Looking Away,00:08,8.341666666666667,"(1388,325,1628,578)",0.5004999999999997
253,1,Looking Away,00:08,8.441766666666666,"(1132,482,1681,977)",0.5004999999999997
256,2,Excessive Head Turn,00:08,8.541866666666667,"(1387,324,1628,579)",0.5005000000000006
257,1,Excessive Head Turn,00:08,8.575233333333333,"(1128,484,1682,976)",0.5338666666666665
257,10,Looking Away,00:08,8.575233333333333,"(879,106,1155,908)",0.5338666666666665
260,10,Excessive Head Turn,00:08,8.675333333333333,"(884,104,1164,912)",0.5338666666666665
263,1,Excessive Hand Movement,00:08,8.775433333333334,"(1117,485,1680,975)",0.5005000000000006
263,10,Excessive Hand Movement,00:08,8.775433333333334,"(895,100,1173,899)",1.6016000000000004
264,2,Excessive Hand Movement,00:08,8.8088,"(1386,322,1629,579)",1.7016999999999998
268,1,Looking Away,00:08,8.942266666666667,"(1113,485,1677,973)",0.5005000000000006
268,4,Excessive Head Turn,00:08,8.942266666666667,"(277,377,668,1072)",2.2022000000000004
268,4,Looking Away,00:08,8.942266666666667,"(277,377,668,1072)",2.0687333333333333
269,13,Looking Away,00:08,8.975633333333333,"(1245,326,1591,568)",
272,1,Excessive Head Turn,00:09,9.075733333333334,"(1109,486,1675,975)",0.5005000000000006
276,13,Excessive Head Turn,00:09,9.209200000000001,"(1261,328,1594,568)",
276,14,Looking Away,00:09,9.209200000000001,"(919,109,1264,679)",
280,1,Excessive Hand Movement,00:09,9.342666666666666,"(1100,479,1671,973)",0.5672333333333324
280,4,Excessive Hand Movement,00:09,9.342666666666666,"(270,367,656,1069)",2.3690333333333324
281,14,Excessive Head Turn,00:09,9.376033333333334,"(969,102,1329,646)",
283,1,Looking Away,00:09,9.442766666666667,"(1095,483,1664,976)",0.5005000000000006
283,4,Excessive Head Turn,00:09,9.442766666666667,"(266,366,653,1069)",0.5005000000000006
283,4,Looking Away,00:09,9.442766666666667,"(266,366,653,1069)",0.5005000000000006
284,13,Looking Away,00:09,9.476133333333333,"(1260,325,1567,562)",0.5005000000000006
287,1,Excessive Head Turn,00:09,9.576233333333333,"(1088,484,1656,975)",0.5004999999999988
291,13,Excessive Head Turn,00:09,9.7097,"(1295,329,1573,566)",0.5004999999999988
291,14,Looking Away,00:09,9.7097,"(1088,85,1395,617)",0.5004999999999988
296,14,Excessive Head Turn,00:09,9.876533333333333,"(1168,86,1462,598)",0.5004999999999988
298,1,Looking Away,00:09,9.943266666666666,"(1063,480,1630,972)",0.5004999999999988
299,13,Looking Away,00:09,9.976633333333334,"(1317,334,1573,565)",0.5005000000000006
302,1,Excessive Head Turn,00:10,10.076733333333333,"(1044,475,1622,980)",0.5005000000000006
306,14,Looking Away,00:10,10.2102,"(1244,88,1538,556)",0.5005000000000006
307,13,Excessive Head Turn,00:10,10.243566666666666,"(1328,337,1581,566)",0.5338666666666665
312,14,Excessive Head Turn,00:10,10.410400000000001,"(1259,89,1608,642)",0.5338666666666683
313,1,Looking Away,00:10,10.443766666666667,"(1005,475,1569,972)",0.5005000000000006
314,13,Looking Away,00:10,10.477133333333333,"(1338,340,1587,566)",0.5004999999999988
317,1,Excessive Head Turn,00:10,10.577233333333334,"(985,472,1545,969)",0.5005000000000006
321,14,Looking Away,00:10,10.710700000000001,"(1293,95,1659,745)",0.5005000000000006
323,13,Excessive Head Turn,00:10,10.777433333333333,"(1071,322,1326,549)",0.5338666666666665
327,14,Excessive Head Turn,00:10,10.9109,"(1298,120,1638,773)",0.5004999999999988
328,1,Looking Away,00:10,10.944266666666667,"(909,470,1464,970)",0.5005000000000006
329,13,Looking Away,00:10,10.977633333333333,"(1028,319,1306,550)",0.5005000000000006
332,1,Excessive Head Turn,00:11,11.077733333333333,"(890,472,1439,970)",0.5004999999999988
332,1,Excessive Hand Movement,00:11,11.077733333333333,"(890,472,1439,970)",1.7350666666666665
336,14,Looking Away,00:11,11.2112,"(1275,181,1609,827)",0.5004999999999988
337,15,Looking Away,00:11,11.244566666666667,"(1091,307,1291,543)",
338,13,Excessive Head Turn,00:11,11.277933333333333,"(959,317,1248,553)",0.5005000000000006
342,14,Excessive Head Turn,00:11,11.4114,"(1212,194,1586,875)",0.5005000000000006
342,15,Excessive Head Turn,00:11,11.4114,"(1087,302,1288,541)",
343,1,Looking Away,00:11,11.444766666666666,"(811,467,1356,971)",0.5004999999999988
344,13,Looking Away,00:11,11.478133333333334,"(926,318,1210,548)",0.5005000000000006
348,1,Excessive Head Turn,00:11,11.611600000000001,"(793,462,1313,971)",0.5338666666666683
351,14,Looking Away,00:11,11.7117,"(1151,200,1532,870)",0.5005000000000006
353,13,Excessive Head Turn,00:11,11.778433333333334,"(872,315,1156,547)",0.5005000000000006
357,14,Excessive Head Turn,00:11,11.911900000000001,"(1098,198,1538,972)",0.5005000000000006
358,1,Looking Away,00:11,11.945266666666667,"(735,460,1260,972)",0.5005000000000006
359,13,Looking Away,00:11,11.978633333333333,"(842,315,1121,545)",0.5004999999999988
363,1,Excessive Head Turn,00:12,12.1121,"(725,453,1261,971)",0.5004999999999988
364,1,Excessive Hand Movement,00:12,12.145466666666668,"(719,449,1259,971)",1.0677333333333348
366,14,Looking Away,00:12,12.212200000000001,"(1159,161,1508,785)",0.5005000000000006
368,13,Excessive Head Turn,00:12,12.278933333333333,"(786,315,1052,548)",0.5004999999999988
372,14,Excessive Head Turn,00:12,12.4124,"(1122,150,1472,749)",0.5004999999999988
373,1,Looking Away,00:12,12.445766666666668,"(673,423,1249,990)",0.5005000000000006
374,13,Looking Away,00:12,12.479133333333333,"(757,316,1008,550)",0.5005000000000006
378,1,Excessive Head Turn,00:12,12.6126,"(652,396,1253,990)",0.5005000000000006
379,1,Excessive Hand Movement,00:12,12.645966666666666,"(649,394,1252,991)",0.5004999999999988
381,14,Looking Away,00:12,12.7127,"(1102,125,1461,739)",0.5004999999999988
381,16,Looking Away,00:12,12.7127,"(1580,353,1870,941)",
383,13,Excessive Head Turn,00:12,12.779433333333333,"(715,315,949,549)",0.5005000000000006
384,16,Excessive Head Turn,00:12,12.812800000000001,"(1568,351,1867,938)",
387,14,Excessive Head Turn,00:12,12.9129,"(1089,110,1443,716)",0.5005000000000006
388,1,Looking Away,00:12,12.946266666666666,"(611,369,1217,987)",0.5004999999999988
389,13,Looking Away,00:12,12.979633333333334,"(823,311,1054,553)",0.5005000000000006
393,1,Excessive Head Turn,00:13,13.113100000000001,"(594,364,1186,990)",0.5005000000000006
394,1,Excessive Hand Movement,00:13,13.146466666666667,"(593,364,1181,989)",0.5005000000000006
396,14,Looking Away,00:13,13.2132,"(1069,88,1416,681)",0.5005000000000006
396,16,Looking Away,00:13,13.2132,"(1528,352,1826,942)",0.5005000000000006
398,13,Excessive Head Turn,00:13,13.279933333333334,"(804,314,1026,552)",0.5005000000000006
399,13,Excessive Hand Movement,00:13,13.3133,"(803,314,1023,551)",
399,16,Excessive Head Turn,00:13,13.3133,"(1491,350,1792,941)",0.5004999999999988
400,21,Looking Away,00:13,13.346666666666668,"(1239,96,1648,1070)",
403,1,Looking Away,00:13,13.446766666666667,"(590,361,1160,991)",0.5005000000000006
403,14,Excessive Head Turn,00:13,13.446766666666667,"(1053,70,1394,654)",0.5338666666666665
404,13,Looking Away,00:13,13.480133333333333,"(795,314,1015,554)",0.5004999999999988
408,1,Excessive Head Turn,00:13,13.6136,"(577,362,1142,994)",0.5004999999999988
409,1,Excessive Hand Movement,00:13,13.646966666666668,"(575,361,1140,994)",0.5005000000000006
411,21,Excessive Head Turn,00:13,13.713700000000001,"(1308,93,1758,1063)",
413,13,Excessive Head Turn,00:13,13.780433333333333,"(779,313,996,550)",0.5004999999999988
414,13,Excessive Hand Movement,00:13,13.8138,"(777,313,994,550)",0.5005000000000006
415,21,Looking Away,00:13,13.847166666666666,"(1317,92,1782,1069)",0.5004999999999988
418,1,Looking Away,00:13,13.947266666666668,"(565,361,1135,1001)",0.5005000000000006
419,13,Looking Away,00:13,13.980633333333333,"(766,313,982,550)",0.5005000000000006
423,1,Excessive Head Turn,00:14,14.1141,"(549,364,1117,1000)",0.5005000000000006
426,21,Excessive Head Turn,00:14,14.2142,"(1328,106,1861,1069)",0.5004999999999988
428,13,Excessive Head Turn,00:14,14.280933333333333,"(746,312,965,554)",0.5005000000000006
430,1,Excessive Hand Movement,00:14,14.347666666666667,"(533,362,1099,996)",0.7006999999999994
430,13,Excessive Hand Movement,00:14,14.347666666666667,"(742,313,959,551)",0.5338666666666665
430,21,Looking Away,00:14,14.347666666666667,"(1308,94,1875,1068)",0.5005000000000006
433,1,Looking Away,00:14,14.447766666666666,"(515,359,1082,999)",0.5004999999999988
434,13,Looking Away,00:14,14.481133333333334,"(732,310,950,550)",0.5005000000000006
441,21,Excessive Head Turn,00:14,14.7147,"(1474,75,1991,1070)",0.5005000000000006
443,13,Excessive Head Turn,00:14,14.781433333333334,"(707,310,917,540)",0.5005000000000006
445,21,Looking Away,00:14,14.848166666666668,"(1502,77,1970,1070)",0.5005000000000006
449,13,Looking Away,00:14,14.981633333333333,"(686,310,902,541)",0.5004999999999988
455,13,Excessive Hand Movement,00:15,15.181833333333334,"(664,309,880,539)",0.8341666666666665
457,21,Excessive Head Turn,00:15,15.248566666666667,"(1512,81,1928,1071)",0.5338666666666665
458,13,Excessive Head Turn,00:15,15.281933333333333,"(653,308,869,539)",0.5004999999999988
460,21,Looking Away,00:15,15.348666666666666,"(1512,83,1924,1071)",0.5004999999999988
464,13,Looking Away,00:15,15.482133333333334,"(627,311,841,537)",0.5005000000000006
473,13,Excessive Head Turn,00:15,15.782433333333334,"(588,310,808,541)",0.5005000000000006
473,21,Excessive Head Turn,00:15,15.782433333333334,"(1712,200,1984,1070)",0.5338666666666665
474,23,Looking Away,00:15,15.8158,"(1308,345,1589,907)",
475,21,Looking Away,00:15,15.849166666666667,"(1721,214,1969,1072)",0.5005000000000006
479,13,Looking Away,00:15,15.982633333333334,"(561,308,784,541)",0.5005000000000006
488,13,Excessive Head Turn,00:16,16.282933333333332,"(516,310,739,542)",0.5004999999999988
489,21,Excessive Head Turn,00:16,16.316300000000002,"(1730,511,1888,1068)",0.5338666666666683
490,23,Looking Away,00:16,16.349666666666668,"(1218,340,1507,903)",0.5338666666666683
493,23,Excessive Head Turn,00:16,16.449766666666665,"(1210,341,1498,904)",
494,13,Looking Away,00:16,16.483133333333335,"(489,310,719,548)",0.5005000000000006
