frame,person_id,type
20,1,Excessive Head Turn
23,1,Excessive Head Turn
24,1,Excessive Head Turn
25,1,Excessive Head Turn
26,1,Excessive Head Turn
27,1,Excessive Head Turn
28,1,Excessive Head Turn
29,1,Excessive Head Turn
30,1,Excessive Head Turn
31,1,Excessive Head Turn
32,1,Excessive Head Turn
32,6,Excessive Hand Movement
33,1,Excessive Head Turn
33,6,Excessive Hand Movement
34,1,Excessive Head Turn
34,2,Excessive Hand Movement
34,6,Excessive Hand Movement
35,1,Excessive Head Turn
35,6,Excessive Head Turn
35,6,Excessive Hand Movement
36,1,Excessive Head Turn
36,1,Excessive Hand Movement
36,2,Excessive Hand Movement
36,6,Excessive Head Turn
36,6,Excessive Hand Movement
37,1,Excessive Head Turn
37,1,Excessive Hand Movement
37,2,Excessive Head Turn
37,2,Excessive Hand Movement
37,3,Excessive Head Turn
37,6,Excessive Head Turn
37,6,Excessive Hand Movement
38,1,Excessive Head Turn
38,1,Excessive Hand Movement
38,2,Excessive Head Turn
38,2,Excessive Hand Movement
38,3,Excessive Head Turn
38,6,Excessive Head Turn
38,6,Excessive Hand Movement
39,1,Excessive Head Turn
39,1,Excessive Hand Movement
39,3,Excessive Head Turn
39,6,Excessive Head Turn
39,6,Excessive Hand Movement
40,1,Excessive Head Turn
40,1,Excessive Hand Movement
40,2,Excessive Head Turn
40,2,Excessive Hand Movement
40,6,Excessive Head Turn
40,6,Excessive Hand Movement
41,1,Excessive Head Turn
41,1,Excessive Hand Movement
41,2,Excessive Head Turn
41,2,Excessive Hand Movement
41,3,Excessive Head Turn
41,6,Excessive Head Turn
41,6,Excessive Hand Movement
42,1,Excessive Head Turn
42,1,Excessive Hand Movement
42,2,Excessive Head Turn
42,2,Excessive Hand Movement
42,3,Excessive Head Turn
42,6,Excessive Head Turn
42,6,Excessive Hand Movement
43,1,Excessive Head Turn
43,1,Excessive Hand Movement
43,3,Excessive Head Turn
43,6,Excessive Head Turn
43,6,Excessive Hand Movement
44,1,Excessive Head Turn
44,1,Excessive Hand Movement
44,2,Excessive Head Turn
44,2,Excessive Hand Movement
44,3,Excessive Head Turn
44,6,Excessive Head Turn
44,6,Excessive Hand Movement
45,1,Excessive Head Turn
45,1,Excessive Hand Movement
45,2,Excessive Head Turn
45,2,Excessive Hand Movement
45,3,Excessive Head Turn
45,6,Excessive Head Turn
45,6,Excessive Hand Movement
46,1,Excessive Head Turn
46,1,Excessive Hand Movement
46,3,Excessive Head Turn
46,6,Excessive Head Turn
46,6,Excessive Hand Movement
47,1,Excessive Head Turn
47,1,Excessive Hand Movement
47,2,Excessive Head Turn
47,2,Excessive Hand Movement
47,3,Excessive Head Turn
47,6,Excessive Head Turn
47,6,Excessive Hand Movement
48,1,Excessive Head Turn
48,1,Excessive Hand Movement
48,2,Excessive Head Turn
48,2,Excessive Hand Movement
48,3,Excessive Head Turn
48,3,Excessive Hand Movement
48,6,Excessive Head Turn
48,6,Excessive Hand Movement
49,1,Excessive Head Turn
49,1,Excessive Hand Movement
49,2,Excessive Head Turn
49,2,Excessive Hand Movement
49,3,Excessive Head Turn
49,3,Excessive Hand Movement
50,2,Excessive Head Turn
50,2,Excessive Hand Movement
50,3,Excessive Head Turn
50,3,Excessive Hand Movement
50,6,Excessive Head Turn
50,6,Excessive Hand Movement
51,1,Excessive Head Turn
51,1,Excessive Hand Movement
51,2,Excessive Head Turn
51,2,Excessive Hand Movement
51,3,Excessive Head Turn
51,3,Excessive Hand Movement
51,6,Excessive Head Turn
51,6,Excessive Hand Movement
52,1,Excessive Head Turn
52,1,Excessive Hand Movement
52,2,Excessive Head Turn
52,2,Excessive Hand Movement
52,3,Excessive Head Turn
52,3,Excessive Hand Movement
52,6,Excessive Head Turn
52,6,Excessive Hand Movement
53,6,Excessive Head Turn
53,6,Excessive Hand Movement
54,1,Excessive Head Turn
54,1,Excessive Hand Movement
54,2,Excessive Head Turn
54,2,Excessive Hand Movement
54,3,Excessive Head Turn
54,3,Excessive Hand Movement
54,6,Excessive Head Turn
54,6,Excessive Hand Movement
55,1,Excessive Head Turn
55,1,Excessive Hand Movement
55,3,Excessive Head Turn
55,3,Excessive Hand Movement
55,6,Excessive Head Turn
55,6,Excessive Hand Movement
56,1,Excessive Head Turn
56,1,Excessive Hand Movement
56,2,Excessive Head Turn
56,2,Excessive Hand Movement
56,3,Excessive Head Turn
56,3,Excessive Hand Movement
56,6,Excessive Head Turn
56,6,Excessive Hand Movement
57,1,Excessive Head Turn
57,1,Excessive Hand Movement
57,2,Excessive Head Turn
57,2,Excessive Hand Movement
57,3,Excessive Head Turn
57,3,Excessive Hand Movement
57,6,Excessive Head Turn
57,6,Excessive Hand Movement
58,1,Excessive Head Turn
58,1,Excessive Hand Movement
58,2,Excessive Head Turn
58,2,Excessive Hand Movement
58,3,Excessive Head Turn
58,3,Excessive Hand Movement
58,6,Excessive Head Turn
58,6,Excessive Hand Movement
59,1,Excessive Head Turn
59,1,Excessive Hand Movement
59,3,Excessive Head Turn
59,3,Excessive Hand Movement
59,6,Excessive Head Turn
59,6,Excessive Hand Movement
60,1,Excessive Head Turn
60,1,Excessive Hand Movement
60,2,Excessive Head Turn
60,2,Excessive Hand Movement
60,3,Excessive Head Turn
60,3,Excessive Hand Movement
60,6,Excessive Head Turn
60,6,Excessive Hand Movement
61,1,Excessive Head Turn
61,1,Excessive Hand Movement
61,2,Excessive Head Turn
61,2,Excessive Hand Movement
61,3,Excessive Head Turn
61,3,Excessive Hand Movement
61,6,Excessive Head Turn
61,6,Excessive Hand Movement
62,1,Excessive Head Turn
62,1,Excessive Hand Movement
62,2,Excessive Head Turn
62,2,Excessive Hand Movement
62,3,Excessive Head Turn
62,3,Excessive Hand Movement
63,2,Excessive Head Turn
63,2,Excessive Hand Movement
63,6,Excessive Head Turn
63,6,Excessive Hand Movement
64,1,Excessive Head Turn
64,1,Excessive Hand Movement
64,2,Excessive Head Turn
64,2,Excessive Hand Movement
64,3,Excessive Head Turn
64,3,Excessive Hand Movement
64,6,Excessive Head Turn
64,6,Excessive Hand Movement
65,1,Excessive Head Turn
65,1,Excessive Hand Movement
65,2,Excessive Head Turn
65,2,Excessive Hand Movement
65,3,Excessive Head Turn
65,3,Excessive Hand Movement
65,6,Excessive Head Turn
65,6,Excessive Hand Movement
66,2,Excessive Head Turn
66,2,Excessive Hand Movement
66,3,Excessive Head Turn
66,3,Excessive Hand Movement
66,6,Excessive Head Turn
66,6,Excessive Hand Movement
67,1,Excessive Head Turn
67,1,Excessive Hand Movement
67,2,Excessive Head Turn
67,2,Excessive Hand Movement
67,3,Excessive Head Turn
67,3,Excessive Hand Movement
67,6,Excessive Head Turn
67,6,Excessive Hand Movement
68,1,Excessive Head Turn
68,1,Excessive Hand Movement
68,2,Excessive Head Turn
68,2,Excessive Hand Movement
68,3,Excessive Head Turn
68,3,Excessive Hand Movement
68,6,Excessive Head Turn
68,6,Excessive Hand Movement
69,1,Excessive Head Turn
69,1,Excessive Hand Movement
69,2,Excessive Head Turn
69,2,Excessive Hand Movement
69,3,Excessive Head Turn
69,3,Excessive Hand Movement
70,1,Excessive Head Turn
70,1,Excessive Hand Movement
70,2,Excessive Head Turn
70,2,Excessive Hand Movement
70,3,Excessive Head Turn
70,3,Excessive Hand Movement
70,6,Excessive Head Turn
70,6,Excessive Hand Movement
71,1,Excessive Head Turn
71,1,Excessive Hand Movement
71,2,Excessive Head Turn
71,2,Excessive Hand Movement
71,3,Excessive Head Turn
71,3,Excessive Hand Movement
71,6,Excessive Head Turn
71,6,Excessive Hand Movement
72,1,Excessive Head Turn
72,1,Excessive Hand Movement
72,2,Excessive Head Turn
72,2,Excessive Hand Movement
72,3,Excessive Head Turn
72,3,Excessive Hand Movement
72,6,Excessive Head Turn
72,6,Excessive Hand Movement
73,1,Excessive Head Turn
73,1,Excessive Hand Movement
73,2,Excessive Head Turn
73,2,Excessive Hand Movement
73,3,Excessive Head Turn
73,3,Excessive Hand Movement
73,6,Excessive Head Turn
73,6,Excessive Hand Movement
74,1,Excessive Head Turn
74,1,Excessive Hand Movement
74,3,Excessive Head Turn
74,3,Excessive Hand Movement
74,6,Excessive Head Turn
74,6,Excessive Hand Movement
75,1,Excessive Head Turn
75,1,Excessive Hand Movement
75,2,Excessive Head Turn
75,2,Excessive Hand Movement
75,3,Excessive Head Turn
75,3,Excessive Hand Movement
75,6,Excessive Head Turn
75,6,Excessive Hand Movement
76,1,Excessive Head Turn
76,1,Excessive Hand Movement
76,2,Excessive Head Turn
76,2,Excessive Hand Movement
76,3,Excessive Head Turn
76,3,Excessive Hand Movement
77,1,Excessive Head Turn
77,1,Excessive Hand Movement
77,2,Excessive Head Turn
77,2,Excessive Hand Movement
77,3,Excessive Head Turn
77,3,Excessive Hand Movement
77,6,Excessive Head Turn
77,6,Excessive Hand Movement
78,1,Excessive Head Turn
78,1,Excessive Hand Movement
78,2,Excessive Head Turn
78,2,Excessive Hand Movement
78,3,Excessive Head Turn
78,3,Excessive Hand Movement
78,6,Excessive Head Turn
78,6,Excessive Hand Movement
79,1,Excessive Head Turn
79,1,Excessive Hand Movement
79,2,Excessive Head Turn
79,2,Excessive Hand Movement
79,3,Excessive Head Turn
79,3,Excessive Hand Movement
79,6,Excessive Head Turn
79,6,Excessive Hand Movement
80,1,Excessive Head Turn
80,1,Excessive Hand Movement
80,3,Excessive Head Turn
80,3,Excessive Hand Movement
80,6,Excessive Head Turn
80,6,Excessive Hand Movement
81,1,Excessive Head Turn
81,1,Excessive Hand Movement
81,2,Excessive Head Turn
81,2,Excessive Hand Movement
81,3,Excessive Head Turn
81,3,Excessive Hand Movement
81,6,Excessive Head Turn
81,6,Excessive Hand Movement
82,1,Excessive Head Turn
82,1,Excessive Hand Movement
82,2,Excessive Head Turn
82,2,Excessive Hand Movement
82,3,Excessive Head Turn
82,3,Excessive Hand Movement
82,6,Excessive Head Turn
82,6,Excessive Hand Movement
83,1,Excessive Head Turn
83,1,Excessive Hand Movement
83,3,Excessive Head Turn
83,3,Excessive Hand Movement
83,6,Excessive Head Turn
83,6,Excessive Hand Movement
84,1,Excessive Head Turn
84,1,Excessive Hand Movement
84,2,Excessive Head Turn
84,2,Excessive Hand Movement
84,3,Excessive Head Turn
84,3,Excessive Hand Movement
84,6,Excessive Head Turn
84,6,Excessive Hand Movement
85,1,Excessive Head Turn
85,1,Excessive Hand Movement
85,2,Excessive Head Turn
85,2,Excessive Hand Movement
85,3,Excessive Head Turn
85,3,Excessive Hand Movement
85,6,Excessive Head Turn
85,6,Excessive Hand Movement
86,1,Excessive Head Turn
86,1,Excessive Hand Movement
86,3,Excessive Head Turn
86,3,Excessive Hand Movement
86,6,Excessive Head Turn
86,6,Excessive Hand Movement
87,1,Excessive Head Turn
87,1,Excessive Hand Movement
87,2,Excessive Head Turn
87,2,Excessive Hand Movement
87,3,Excessive Head Turn
87,3,Excessive Hand Movement
87,6,Excessive Head Turn
87,6,Excessive Hand Movement
88,1,Excessive Head Turn
88,1,Excessive Hand Movement
88,2,Excessive Head Turn
88,2,Excessive Hand Movement
88,3,Excessive Head Turn
88,3,Excessive Hand Movement
88,6,Excessive Head Turn
88,6,Excessive Hand Movement
89,2,Excessive Head Turn
89,2,Excessive Hand Movement
89,3,Excessive Head Turn
89,3,Excessive Hand Movement
89,6,Excessive Head Turn
89,6,Excessive Hand Movement
90,1,Excessive Head Turn
90,1,Excessive Hand Movement
90,2,Excessive Head Turn
90,2,Excessive Hand Movement
90,3,Excessive Head Turn
90,3,Excessive Hand Movement
90,6,Excessive Head Turn
90,6,Excessive Hand Movement
91,1,Excessive Head Turn
91,1,Excessive Hand Movement
91,2,Excessive Head Turn
91,2,Excessive Hand Movement
91,3,Excessive Head Turn
91,3,Excessive Hand Movement
91,6,Excessive Head Turn
91,6,Excessive Hand Movement
92,1,Excessive Head Turn
92,1,Excessive Hand Movement
92,3,Excessive Head Turn
92,3,Excessive Hand Movement
92,6,Excessive Head Turn
92,6,Excessive Hand Movement
93,1,Excessive Head Turn
93,1,Excessive Hand Movement
93,2,Excessive Head Turn
93,2,Excessive Hand Movement
93,3,Excessive Head Turn
93,3,Excessive Hand Movement
93,6,Excessive Head Turn
93,6,Excessive Hand Movement
94,1,Excessive Head Turn
94,1,Excessive Hand Movement
94,2,Excessive Head Turn
94,2,Excessive Hand Movement
94,3,Excessive Head Turn
94,3,Excessive Hand Movement
94,6,Excessive Head Turn
94,6,Excessive Hand Movement
95,1,Excessive Head Turn
95,1,Excessive Hand Movement
95,3,Excessive Head Turn
95,3,Excessive Hand Movement
95,6,Excessive Head Turn
95,6,Excessive Hand Movement
96,1,Excessive Head Turn
96,1,Excessive Hand Movement
96,2,Excessive Head Turn
96,2,Excessive Hand Movement
96,3,Excessive Head Turn
96,3,Excessive Hand Movement
96,6,Excessive Head Turn
96,6,Excessive Hand Movement
97,1,Excessive Head Turn
97,1,Excessive Hand Movement
97,2,Excessive Head Turn
97,2,Excessive Hand Movement
97,3,Excessive Head Turn
97,3,Excessive Hand Movement
97,6,Excessive Head Turn
97,6,Excessive Hand Movement
98,1,Excessive Head Turn
98,1,Excessive Hand Movement
98,3,Excessive Head Turn
98,3,Excessive Hand Movement
98,6,Excessive Head Turn
98,6,Excessive Hand Movement
99,1,Excessive Head Turn
99,1,Excessive Hand Movement
99,2,Excessive Head Turn
99,2,Excessive Hand Movement
99,3,Excessive Head Turn
99,3,Excessive Hand Movement
99,6,Excessive Head Turn
99,6,Excessive Hand Movement
100,1,Excessive Head Turn
100,1,Excessive Hand Movement
100,2,Excessive Head Turn
100,2,Excessive Hand Movement
100,3,Excessive Head Turn
100,3,Excessive Hand Movement
100,6,Excessive Head Turn
100,6,Excessive Hand Movement
101,1,Excessive Head Turn
101,1,Excessive Hand Movement
101,2,Excessive Head Turn
101,2,Excessive Hand Movement
101,3,Excessive Head Turn
101,3,Excessive Hand Movement
101,6,Excessive Head Turn
101,6,Excessive Hand Movement
102,1,Excessive Head Turn
102,1,Excessive Hand Movement
102,3,Excessive Head Turn
102,3,Excessive Hand Movement
102,6,Excessive Head Turn
102,6,Excessive Hand Movement
103,1,Excessive Head Turn
103,1,Excessive Hand Movement
103,2,Excessive Head Turn
103,2,Excessive Hand Movement
103,3,Excessive Head Turn
103,3,Excessive Hand Movement
103,6,Excessive Head Turn
103,6,Excessive Hand Movement
104,1,Excessive Head Turn
104,1,Excessive Hand Movement
104,2,Excessive Head Turn
104,2,Excessive Hand Movement
104,3,Excessive Head Turn
104,3,Excessive Hand Movement
104,6,Excessive Head Turn
104,6,Excessive Hand Movement
105,1,Excessive Head Turn
105,1,Excessive Hand Movement
105,3,Excessive Head Turn
105,3,Excessive Hand Movement
105,6,Excessive Head Turn
105,6,Excessive Hand Movement
106,1,Excessive Head Turn
106,1,Excessive Hand Movement
106,2,Excessive Head Turn
106,2,Excessive Hand Movement
106,3,Excessive Head Turn
106,3,Excessive Hand Movement
106,6,Excessive Head Turn
106,6,Excessive Hand Movement
107,1,Excessive Head Turn
107,1,Excessive Hand Movement
107,2,Excessive Head Turn
107,2,Excessive Hand Movement
107,3,Excessive Head Turn
107,3,Excessive Hand Movement
107,6,Excessive Head Turn
107,6,Excessive Hand Movement
108,1,Excessive Head Turn
108,1,Excessive Hand Movement
108,2,Excessive Head Turn
108,2,Excessive Hand Movement
108,3,Excessive Head Turn
108,3,Excessive Hand Movement
108,6,Excessive Head Turn
108,6,Excessive Hand Movement
109,1,Excessive Head Turn
109,1,Excessive Hand Movement
109,3,Excessive Head Turn
109,3,Excessive Hand Movement
109,6,Excessive Head Turn
109,6,Excessive Hand Movement
110,1,Excessive Head Turn
110,1,Excessive Hand Movement
110,2,Excessive Head Turn
110,2,Excessive Hand Movement
110,3,Excessive Head Turn
110,3,Excessive Hand Movement
110,6,Excessive Head Turn
110,6,Excessive Hand Movement
111,1,Excessive Head Turn
111,1,Excessive Hand Movement
111,2,Excessive Head Turn
111,2,Excessive Hand Movement
111,3,Excessive Head Turn
111,3,Excessive Hand Movement
111,6,Excessive Head Turn
111,6,Excessive Hand Movement
112,1,Excessive Head Turn
112,1,Excessive Hand Movement
112,2,Excessive Head Turn
112,2,Excessive Hand Movement
112,3,Excessive Head Turn
112,3,Excessive Hand Movement
112,6,Excessive Head Turn
112,6,Excessive Hand Movement
113,1,Excessive Head Turn
113,1,Excessive Hand Movement
113,3,Excessive Head Turn
113,3,Excessive Hand Movement
113,6,Excessive Head Turn
113,6,Excessive Hand Movement
114,1,Excessive Head Turn
114,1,Excessive Hand Movement
114,2,Excessive Head Turn
114,2,Excessive Hand Movement
114,3,Excessive Head Turn
114,3,Excessive Hand Movement
114,6,Excessive Head Turn
114,6,Excessive Hand Movement
115,1,Excessive Head Turn
115,1,Excessive Hand Movement
115,2,Excessive Head Turn
115,2,Excessive Hand Movement
115,3,Excessive Head Turn
115,3,Excessive Hand Movement
115,6,Excessive Head Turn
115,6,Excessive Hand Movement
116,1,Excessive Head Turn
116,1,Excessive Hand Movement
116,3,Excessive Head Turn
116,3,Excessive Hand Movement
116,6,Excessive Head Turn
116,6,Excessive Hand Movement
117,1,Excessive Head Turn
117,1,Excessive Hand Movement
117,2,Excessive Head Turn
117,2,Excessive Hand Movement
117,3,Excessive Head Turn
117,3,Excessive Hand Movement
117,6,Excessive Head Turn
117,6,Excessive Hand Movement
118,1,Excessive Head Turn
118,1,Excessive Hand Movement
118,3,Excessive Head Turn
118,3,Excessive Hand Movement
118,6,Excessive Head Turn
118,6,Excessive Hand Movement
119,1,Excessive Head Turn
119,1,Excessive Hand Movement
119,2,Excessive Head Turn
119,2,Excessive Hand Movement
119,3,Excessive Head Turn
119,3,Excessive Hand Movement
119,6,Excessive Head Turn
119,6,Excessive Hand Movement
120,1,Excessive Head Turn
120,1,Excessive Hand Movement
120,2,Excessive Head Turn
120,2,Excessive Hand Movement
120,3,Excessive Head Turn
120,3,Excessive Hand Movement
120,6,Excessive Head Turn
120,6,Excessive Hand Movement
121,1,Excessive Head Turn
121,1,Excessive Hand Movement
121,2,Excessive Head Turn
121,2,Excessive Hand Movement
121,3,Excessive Head Turn
121,3,Excessive Hand Movement
121,6,Excessive Head Turn
121,6,Excessive Hand Movement
122,1,Excessive Head Turn
122,1,Excessive Hand Movement
122,2,Excessive Head Turn
122,2,Excessive Hand Movement
123,1,Excessive Head Turn
123,1,Excessive Hand Movement
123,2,Excessive Head Turn
123,2,Excessive Hand Movement
123,3,Excessive Head Turn
123,3,Excessive Hand Movement
123,6,Excessive Head Turn
123,6,Excessive Hand Movement
124,1,Excessive Head Turn
124,1,Excessive Hand Movement
124,2,Excessive Head Turn
124,2,Excessive Hand Movement
124,3,Excessive Head Turn
124,3,Excessive Hand Movement
124,6,Excessive Head Turn
124,6,Excessive Hand Movement
125,1,Excessive Head Turn
125,1,Excessive Hand Movement
125,3,Excessive Head Turn
125,3,Excessive Hand Movement
125,6,Excessive Head Turn
125,6,Excessive Hand Movement
126,1,Excessive Head Turn
126,1,Excessive Hand Movement
126,2,Excessive Head Turn
126,2,Excessive Hand Movement
126,3,Excessive Head Turn
126,3,Excessive Hand Movement
126,6,Excessive Head Turn
126,6,Excessive Hand Movement
127,1,Excessive Head Turn
127,1,Excessive Hand Movement
127,2,Excessive Head Turn
127,2,Excessive Hand Movement
127,3,Excessive Head Turn
127,3,Excessive Hand Movement
128,1,Excessive Head Turn
128,1,Excessive Hand Movement
128,2,Excessive Head Turn
128,2,Excessive Hand Movement
128,3,Excessive Head Turn
128,3,Excessive Hand Movement
128,6,Excessive Head Turn
128,6,Excessive Hand Movement
129,1,Excessive Head Turn
129,1,Excessive Hand Movement
129,2,Excessive Head Turn
129,2,Excessive Hand Movement
129,3,Excessive Head Turn
129,3,Excessive Hand Movement
129,6,Excessive Head Turn
129,6,Excessive Hand Movement
130,3,Excessive Head Turn
130,3,Excessive Hand Movement
130,6,Excessive Head Turn
130,6,Excessive Hand Movement
131,1,Excessive Head Turn
131,1,Excessive Hand Movement
131,2,Excessive Head Turn
131,2,Excessive Hand Movement
131,3,Excessive Head Turn
131,3,Excessive Hand Movement
131,6,Excessive Head Turn
131,6,Excessive Hand Movement
132,3,Excessive Head Turn
132,3,Excessive Hand Movement
132,6,Excessive Head Turn
132,6,Excessive Hand Movement
133,1,Excessive Head Turn
133,1,Excessive Hand Movement
133,2,Excessive Head Turn
133,2,Excessive Hand Movement
133,3,Excessive Head Turn
133,3,Excessive Hand Movement
133,6,Excessive Head Turn
133,6,Excessive Hand Movement
134,3,Excessive Head Turn
134,3,Excessive Hand Movement
134,6,Excessive Head Turn
134,6,Excessive Hand Movement
135,1,Excessive Head Turn
135,1,Excessive Hand Movement
135,2,Excessive Head Turn
135,2,Excessive Hand Movement
135,3,Excessive Head Turn
135,3,Excessive Hand Movement
135,6,Excessive Head Turn
135,6,Excessive Hand Movement
136,1,Excessive Head Turn
136,1,Excessive Hand Movement
136,2,Excessive Head Turn
136,2,Excessive Hand Movement
136,3,Excessive Head Turn
136,3,Excessive Hand Movement
136,6,Excessive Head Turn
136,6,Excessive Hand Movement
137,1,Excessive Head Turn
137,1,Excessive Hand Movement
137,2,Excessive Head Turn
137,2,Excessive Hand Movement
137,3,Excessive Head Turn
137,3,Excessive Hand Movement
137,6,Excessive Head Turn
137,6,Excessive Hand Movement
138,1,Excessive Head Turn
138,1,Excessive Hand Movement
138,3,Excessive Head Turn
138,3,Excessive Hand Movement
138,6,Excessive Head Turn
138,6,Excessive Hand Movement
139,1,Excessive Head Turn
139,1,Excessive Hand Movement
139,2,Excessive Head Turn
139,2,Excessive Hand Movement
139,3,Excessive Head Turn
139,3,Excessive Hand Movement
139,6,Excessive Head Turn
139,6,Excessive Hand Movement
140,1,Excessive Head Turn
140,1,Excessive Hand Movement
140,2,Excessive Head Turn
140,2,Excessive Hand Movement
140,3,Excessive Head Turn
140,3,Excessive Hand Movement
140,6,Excessive Head Turn
140,6,Excessive Hand Movement
141,2,Excessive Head Turn
141,2,Excessive Hand Movement
141,3,Excessive Head Turn
141,3,Excessive Hand Movement
141,6,Excessive Head Turn
141,6,Excessive Hand Movement
142,1,Excessive Head Turn
142,1,Excessive Hand Movement
142,2,Excessive Head Turn
142,2,Excessive Hand Movement
142,3,Excessive Head Turn
142,3,Excessive Hand Movement
142,6,Excessive Head Turn
142,6,Excessive Hand Movement
143,1,Excessive Head Turn
143,1,Excessive Hand Movement
143,2,Excessive Head Turn
143,2,Excessive Hand Movement
143,3,Excessive Head Turn
143,3,Excessive Hand Movement
143,6,Excessive Head Turn
143,6,Excessive Hand Movement
144,1,Excessive Head Turn
144,1,Excessive Hand Movement
144,3,Excessive Head Turn
144,3,Excessive Hand Movement
144,6,Excessive Head Turn
144,6,Excessive Hand Movement
145,1,Excessive Head Turn
145,1,Excessive Hand Movement
145,2,Excessive Head Turn
145,2,Excessive Hand Movement
145,3,Excessive Head Turn
145,3,Excessive Hand Movement
145,6,Excessive Head Turn
145,6,Excessive Hand Movement
146,1,Excessive Head Turn
146,1,Excessive Hand Movement
146,2,Excessive Head Turn
146,2,Excessive Hand Movement
146,3,Excessive Head Turn
146,3,Excessive Hand Movement
146,6,Excessive Head Turn
146,6,Excessive Hand Movement
147,2,Excessive Head Turn
147,2,Excessive Hand Movement
147,3,Excessive Head Turn
147,3,Excessive Hand Movement
147,6,Excessive Head Turn
147,6,Excessive Hand Movement
148,1,Excessive Head Turn
148,1,Excessive Hand Movement
148,2,Excessive Head Turn
148,2,Excessive Hand Movement
148,3,Excessive Head Turn
148,3,Excessive Hand Movement
148,6,Excessive Head Turn
148,6,Excessive Hand Movement
149,1,Excessive Head Turn
149,1,Excessive Hand Movement
149,2,Excessive Head Turn
149,2,Excessive Hand Movement
149,3,Excessive Head Turn
149,3,Excessive Hand Movement
150,1,Excessive Head Turn
150,1,Excessive Hand Movement
150,2,Excessive Head Turn
150,2,Excessive Hand Movement
150,3,Excessive Head Turn
150,3,Excessive Hand Movement
150,6,Excessive Head Turn
150,6,Excessive Hand Movement
151,1,Excessive Head Turn
151,1,Excessive Hand Movement
151,2,Excessive Head Turn
151,2,Excessive Hand Movement
151,3,Excessive Head Turn
151,3,Excessive Hand Movement
151,6,Excessive Head Turn
151,6,Excessive Hand Movement
152,1,Excessive Head Turn
152,1,Excessive Hand Movement
152,2,Excessive Head Turn
152,2,Excessive Hand Movement
152,3,Excessive Head Turn
152,3,Excessive Hand Movement
152,6,Excessive Head Turn
152,6,Excessive Hand Movement
153,1,Excessive Head Turn
153,1,Excessive Hand Movement
153,3,Excessive Head Turn
153,3,Excessive Hand Movement
153,6,Excessive Head Turn
153,6,Excessive Hand Movement
154,1,Excessive Head Turn
154,1,Excessive Hand Movement
154,2,Excessive Head Turn
154,2,Excessive Hand Movement
154,3,Excessive Head Turn
154,3,Excessive Hand Movement
154,6,Excessive Head Turn
154,6,Excessive Hand Movement
155,1,Excessive Head Turn
155,1,Excessive Hand Movement
155,2,Excessive Head Turn
155,2,Excessive Hand Movement
155,3,Excessive Head Turn
155,3,Excessive Hand Movement
155,6,Excessive Head Turn
155,6,Excessive Hand Movement
156,1,Excessive Head Turn
156,1,Excessive Hand Movement
156,2,Excessive Head Turn
156,2,Excessive Hand Movement
156,3,Excessive Head Turn
156,3,Excessive Hand Movement
156,6,Excessive Head Turn
156,6,Excessive Hand Movement
157,1,Excessive Head Turn
157,1,Excessive Hand Movement
157,3,Excessive Head Turn
157,3,Excessive Hand Movement
157,6,Excessive Head Turn
157,6,Excessive Hand Movement
158,1,Excessive Head Turn
158,1,Excessive Hand Movement
158,2,Excessive Head Turn
158,2,Excessive Hand Movement
158,3,Excessive Head Turn
158,3,Excessive Hand Movement
158,6,Excessive Head Turn
158,6,Excessive Hand Movement
159,1,Excessive Head Turn
159,1,Excessive Hand Movement
159,2,Excessive Head Turn
159,2,Excessive Hand Movement
159,3,Excessive Head Turn
159,3,Excessive Hand Movement
159,6,Excessive Head Turn
159,6,Excessive Hand Movement
160,1,Excessive Head Turn
160,1,Excessive Hand Movement
160,2,Excessive Head Turn
160,2,Excessive Hand Movement
160,3,Excessive Head Turn
160,3,Excessive Hand Movement
160,6,Excessive Head Turn
160,6,Excessive Hand Movement
161,1,Excessive Head Turn
161,1,Excessive Hand Movement
161,2,Excessive Head Turn
161,2,Excessive Hand Movement
161,3,Excessive Head Turn
161,3,Excessive Hand Movement
161,6,Excessive Head Turn
161,6,Excessive Hand Movement
162,1,Excessive Head Turn
162,1,Excessive Hand Movement
162,2,Excessive Head Turn
162,2,Excessive Hand Movement
162,3,Excessive Head Turn
162,3,Excessive Hand Movement
162,6,Excessive Head Turn
162,6,Excessive Hand Movement
163,1,Excessive Head Turn
163,1,Excessive Hand Movement
163,3,Excessive Head Turn
163,3,Excessive Hand Movement
163,6,Excessive Head Turn
163,6,Excessive Hand Movement
164,1,Excessive Head Turn
164,1,Excessive Hand Movement
164,2,Excessive Head Turn
164,2,Excessive Hand Movement
164,3,Excessive Head Turn
164,3,Excessive Hand Movement
164,6,Excessive Head Turn
164,6,Excessive Hand Movement
165,1,Excessive Head Turn
165,1,Excessive Hand Movement
165,2,Excessive Head Turn
165,2,Excessive Hand Movement
165,6,Excessive Head Turn
165,6,Excessive Hand Movement
166,1,Excessive Head Turn
166,1,Excessive Hand Movement
166,2,Excessive Head Turn
166,2,Excessive Hand Movement
166,3,Excessive Head Turn
166,3,Excessive Hand Movement
166,6,Excessive Head Turn
166,6,Excessive Hand Movement
167,1,Excessive Head Turn
167,1,Excessive Hand Movement
167,2,Excessive Head Turn
167,2,Excessive Hand Movement
167,3,Excessive Head Turn
167,3,Excessive Hand Movement
167,6,Excessive Head Turn
167,6,Excessive Hand Movement
168,1,Excessive Head Turn
168,1,Excessive Hand Movement
168,2,Excessive Head Turn
168,2,Excessive Hand Movement
168,3,Excessive Head Turn
168,3,Excessive Hand Movement
168,6,Excessive Head Turn
168,6,Excessive Hand Movement
169,1,Excessive Head Turn
169,1,Excessive Hand Movement
169,2,Excessive Head Turn
169,2,Excessive Hand Movement
169,3,Excessive Head Turn
169,3,Excessive Hand Movement
169,6,Excessive Head Turn
169,6,Excessive Hand Movement
170,1,Excessive Head Turn
170,1,Excessive Hand Movement
170,2,Excessive Head Turn
170,2,Excessive Hand Movement
170,3,Excessive Head Turn
170,3,Excessive Hand Movement
171,1,Excessive Head Turn
171,1,Excessive Hand Movement
171,2,Excessive Head Turn
171,2,Excessive Hand Movement
171,3,Excessive Head Turn
171,3,Excessive Hand Movement
171,6,Excessive Head Turn
171,6,Excessive Hand Movement
172,1,Excessive Head Turn
172,1,Excessive Hand Movement
172,2,Excessive Head Turn
172,2,Excessive Hand Movement
172,3,Excessive Head Turn
172,3,Excessive Hand Movement
172,6,Excessive Head Turn
172,6,Excessive Hand Movement
173,1,Excessive Head Turn
173,1,Excessive Hand Movement
173,2,Excessive Head Turn
173,2,Excessive Hand Movement
173,3,Excessive Head Turn
173,3,Excessive Hand Movement
173,6,Excessive Head Turn
173,6,Excessive Hand Movement
174,1,Excessive Head Turn
174,1,Excessive Hand Movement
174,2,Excessive Head Turn
174,2,Excessive Hand Movement
174,3,Excessive Head Turn
174,3,Excessive Hand Movement
174,6,Excessive Head Turn
174,6,Excessive Hand Movement
175,1,Excessive Head Turn
175,1,Excessive Hand Movement
175,2,Excessive Head Turn
175,2,Excessive Hand Movement
175,3,Excessive Head Turn
175,3,Excessive Hand Movement
175,6,Excessive Head Turn
175,6,Excessive Hand Movement
176,1,Excessive Head Turn
176,1,Excessive Hand Movement
176,2,Excessive Head Turn
176,2,Excessive Hand Movement
176,3,Excessive Head Turn
176,3,Excessive Hand Movement
176,6,Excessive Head Turn
176,6,Excessive Hand Movement
177,1,Excessive Head Turn
177,1,Excessive Hand Movement
177,2,Excessive Head Turn
177,2,Excessive Hand Movement
177,3,Excessive Head Turn
177,3,Excessive Hand Movement
177,6,Excessive Head Turn
177,6,Excessive Hand Movement
178,2,Excessive Head Turn
178,2,Excessive Hand Movement
178,3,Excessive Head Turn
178,3,Excessive Hand Movement
178,6,Excessive Head Turn
178,6,Excessive Hand Movement
179,1,Excessive Head Turn
179,1,Excessive Hand Movement
179,2,Excessive Head Turn
179,2,Excessive Hand Movement
179,3,Excessive Head Turn
179,3,Excessive Hand Movement
179,6,Excessive Head Turn
179,6,Excessive Hand Movement
180,1,Excessive Head Turn
180,1,Excessive Hand Movement
180,2,Excessive Head Turn
180,2,Excessive Hand Movement
180,3,Excessive Head Turn
180,3,Excessive Hand Movement
180,6,Excessive Head Turn
180,6,Excessive Hand Movement
181,1,Excessive Head Turn
181,1,Excessive Hand Movement
181,2,Excessive Head Turn
181,2,Excessive Hand Movement
181,3,Excessive Head Turn
181,3,Excessive Hand Movement
181,6,Excessive Head Turn
181,6,Excessive Hand Movement
182,1,Excessive Head Turn
182,1,Excessive Hand Movement
182,2,Excessive Head Turn
182,2,Excessive Hand Movement
182,3,Excessive Head Turn
182,3,Excessive Hand Movement
182,6,Excessive Head Turn
182,6,Excessive Hand Movement
183,1,Excessive Head Turn
183,1,Excessive Hand Movement
183,2,Excessive Head Turn
183,2,Excessive Hand Movement
183,3,Excessive Head Turn
183,3,Excessive Hand Movement
184,1,Excessive Head Turn
184,1,Excessive Hand Movement
184,2,Excessive Head Turn
184,2,Excessive Hand Movement
184,3,Excessive Head Turn
184,3,Excessive Hand Movement
184,6,Excessive Head Turn
184,6,Excessive Hand Movement
185,1,Excessive Head Turn
185,1,Excessive Hand Movement
185,2,Excessive Head Turn
185,2,Excessive Hand Movement
185,3,Excessive Head Turn
185,3,Excessive Hand Movement
185,6,Excessive Head Turn
185,6,Excessive Hand Movement
186,1,Excessive Head Turn
186,1,Excessive Hand Movement
186,2,Excessive Head Turn
186,2,Excessive Hand Movement
186,3,Excessive Head Turn
186,3,Excessive Hand Movement
186,6,Excessive Head Turn
186,6,Excessive Hand Movement
187,1,Excessive Head Turn
187,1,Excessive Hand Movement
187,2,Excessive Head Turn
187,2,Excessive Hand Movement
187,3,Excessive Head Turn
187,3,Excessive Hand Movement
188,1,Excessive Head Turn
188,1,Excessive Hand Movement
188,2,Excessive Head Turn
188,2,Excessive Hand Movement
188,3,Excessive Head Turn
188,3,Excessive Hand Movement
188,6,Excessive Head Turn
188,6,Excessive Hand Movement
189,1,Excessive Head Turn
189,1,Excessive Hand Movement
189,2,Excessive Head Turn
189,2,Excessive Hand Movement
189,3,Excessive Head Turn
189,3,Excessive Hand Movement
189,6,Excessive Head Turn
189,6,Excessive Hand Movement
190,1,Excessive Head Turn
190,1,Excessive Hand Movement
190,2,Excessive Head Turn
190,2,Excessive Hand Movement
190,3,Excessive Head Turn
190,3,Excessive Hand Movement
190,6,Excessive Head Turn
190,6,Excessive Hand Movement
191,1,Excessive Head Turn
191,1,Excessive Hand Movement
191,2,Excessive Head Turn
191,2,Excessive Hand Movement
191,3,Excessive Head Turn
191,3,Excessive Hand Movement
191,6,Excessive Head Turn
191,6,Excessive Hand Movement
192,2,Excessive Head Turn
192,2,Excessive Hand Movement
192,3,Excessive Head Turn
192,3,Excessive Hand Movement
192,6,Excessive Head Turn
192,6,Excessive Hand Movement
193,1,Excessive Head Turn
193,1,Excessive Hand Movement
193,2,Excessive Head Turn
193,2,Excessive Hand Movement
193,3,Excessive Head Turn
193,3,Excessive Hand Movement
193,6,Excessive Head Turn
193,6,Excessive Hand Movement
194,1,Excessive Head Turn
194,1,Excessive Hand Movement
194,2,Excessive Head Turn
194,2,Excessive Hand Movement
194,6,Excessive Head Turn
194,6,Excessive Hand Movement
194,18,Excessive Head Turn
195,1,Excessive Head Turn
195,1,Excessive Hand Movement
195,2,Excessive Head Turn
195,2,Excessive Hand Movement
195,3,Excessive Head Turn
195,3,Excessive Hand Movement
195,6,Excessive Head Turn
195,6,Excessive Hand Movement
195,18,Excessive Head Turn
196,1,Excessive Head Turn
196,1,Excessive Hand Movement
196,6,Excessive Head Turn
196,6,Excessive Hand Movement
196,18,Excessive Head Turn
197,1,Excessive Head Turn
197,1,Excessive Hand Movement
197,2,Excessive Head Turn
197,2,Excessive Hand Movement
197,6,Excessive Head Turn
197,6,Excessive Hand Movement
197,18,Excessive Head Turn
198,1,Excessive Head Turn
198,1,Excessive Hand Movement
198,2,Excessive Head Turn
198,2,Excessive Hand Movement
198,3,Excessive Head Turn
198,3,Excessive Hand Movement
198,6,Excessive Head Turn
198,6,Excessive Hand Movement
199,1,Excessive Head Turn
199,1,Excessive Hand Movement
199,2,Excessive Head Turn
199,2,Excessive Hand Movement
199,3,Excessive Head Turn
199,3,Excessive Hand Movement
199,6,Excessive Head Turn
199,6,Excessive Hand Movement
199,18,Excessive Head Turn
200,1,Excessive Head Turn
200,1,Excessive Hand Movement
200,3,Excessive Head Turn
200,3,Excessive Hand Movement
200,6,Excessive Head Turn
200,6,Excessive Hand Movement
200,18,Excessive Head Turn
201,1,Excessive Head Turn
201,1,Excessive Hand Movement
201,2,Excessive Head Turn
201,2,Excessive Hand Movement
201,3,Excessive Head Turn
201,3,Excessive Hand Movement
201,6,Excessive Head Turn
201,6,Excessive Hand Movement
202,1,Excessive Head Turn
202,1,Excessive Hand Movement
202,2,Excessive Head Turn
202,2,Excessive Hand Movement
202,3,Excessive Head Turn
202,3,Excessive Hand Movement
202,6,Excessive Head Turn
202,6,Excessive Hand Movement
202,18,Excessive Head Turn
203,1,Excessive Head Turn
203,1,Excessive Hand Movement
203,2,Excessive Head Turn
203,2,Excessive Hand Movement
203,6,Excessive Head Turn
203,6,Excessive Hand Movement
203,18,Excessive Head Turn
204,1,Excessive Head Turn
204,1,Excessive Hand Movement
204,2,Excessive Head Turn
204,2,Excessive Hand Movement
204,3,Excessive Head Turn
204,3,Excessive Hand Movement
204,6,Excessive Head Turn
204,6,Excessive Hand Movement
205,1,Excessive Head Turn
205,1,Excessive Hand Movement
205,2,Excessive Head Turn
205,2,Excessive Hand Movement
205,3,Excessive Head Turn
205,3,Excessive Hand Movement
205,6,Excessive Head Turn
205,6,Excessive Hand Movement
206,1,Excessive Head Turn
206,1,Excessive Hand Movement
206,2,Excessive Head Turn
206,2,Excessive Hand Movement
206,3,Excessive Head Turn
206,3,Excessive Hand Movement
206,6,Excessive Head Turn
206,6,Excessive Hand Movement
206,18,Excessive Head Turn
207,1,Excessive Head Turn
207,1,Excessive Hand Movement
207,2,Excessive Head Turn
207,2,Excessive Hand Movement
207,6,Excessive Head Turn
207,6,Excessive Hand Movement
207,18,Excessive Head Turn
208,1,Excessive Head Turn
208,1,Excessive Hand Movement
208,2,Excessive Head Turn
208,2,Excessive Hand Movement
208,6,Excessive Head Turn
208,6,Excessive Hand Movement
208,18,Excessive Head Turn
209,1,Excessive Head Turn
209,1,Excessive Hand Movement
209,2,Excessive Head Turn
209,2,Excessive Hand Movement
209,3,Excessive Head Turn
209,3,Excessive Hand Movement
209,6,Excessive Head Turn
209,6,Excessive Hand Movement
209,18,Excessive Head Turn
210,1,Excessive Head Turn
210,1,Excessive Hand Movement
210,2,Excessive Head Turn
210,2,Excessive Hand Movement
210,6,Excessive Head Turn
210,6,Excessive Hand Movement
210,18,Excessive Head Turn
210,18,Excessive Hand Movement
211,1,Excessive Head Turn
211,1,Excessive Hand Movement
211,2,Excessive Head Turn
211,2,Excessive Hand Movement
211,6,Excessive Head Turn
211,6,Excessive Hand Movement
211,18,Excessive Head Turn
211,18,Excessive Hand Movement
212,1,Excessive Head Turn
212,1,Excessive Hand Movement
212,2,Excessive Head Turn
212,2,Excessive Hand Movement
212,3,Excessive Head Turn
212,3,Excessive Hand Movement
212,6,Excessive Head Turn
212,6,Excessive Hand Movement
212,18,Excessive Head Turn
212,18,Excessive Hand Movement
213,1,Excessive Head Turn
213,1,Excessive Hand Movement
213,3,Excessive Head Turn
213,3,Excessive Hand Movement
213,6,Excessive Head Turn
213,6,Excessive Hand Movement
214,1,Excessive Head Turn
214,1,Excessive Hand Movement
214,2,Excessive Head Turn
214,2,Excessive Hand Movement
214,3,Excessive Head Turn
214,3,Excessive Hand Movement
214,6,Excessive Head Turn
214,6,Excessive Hand Movement
214,18,Excessive Head Turn
214,18,Excessive Hand Movement
215,1,Excessive Head Turn
215,1,Excessive Hand Movement
215,2,Excessive Head Turn
215,2,Excessive Hand Movement
215,3,Excessive Head Turn
215,3,Excessive Hand Movement
215,6,Excessive Head Turn
215,6,Excessive Hand Movement
216,1,Excessive Head Turn
216,1,Excessive Hand Movement
216,2,Excessive Head Turn
216,2,Excessive Hand Movement
216,3,Excessive Head Turn
216,3,Excessive Hand Movement
216,6,Excessive Head Turn
216,6,Excessive Hand Movement
217,2,Excessive Head Turn
217,2,Excessive Hand Movement
217,3,Excessive Head Turn
217,3,Excessive Hand Movement
217,6,Excessive Head Turn
217,6,Excessive Hand Movement
217,18,Excessive Head Turn
217,18,Excessive Hand Movement
218,1,Excessive Head Turn
218,1,Excessive Hand Movement
218,2,Excessive Head Turn
218,2,Excessive Hand Movement
218,3,Excessive Head Turn
218,3,Excessive Hand Movement
218,6,Excessive Head Turn
218,6,Excessive Hand Movement
219,1,Excessive Head Turn
219,1,Excessive Hand Movement
219,2,Excessive Head Turn
219,2,Excessive Hand Movement
219,3,Excessive Head Turn
219,3,Excessive Hand Movement
219,6,Excessive Head Turn
219,6,Excessive Hand Movement
219,18,Excessive Head Turn
219,18,Excessive Hand Movement
220,1,Excessive Head Turn
220,1,Excessive Hand Movement
220,2,Excessive Head Turn
220,2,Excessive Hand Movement
220,3,Excessive Head Turn
220,3,Excessive Hand Movement
220,6,Excessive Head Turn
220,6,Excessive Hand Movement
220,18,Excessive Head Turn
220,18,Excessive Hand Movement
221,1,Excessive Head Turn
221,1,Excessive Hand Movement
221,2,Excessive Head Turn
221,2,Excessive Hand Movement
221,3,Excessive Head Turn
221,3,Excessive Hand Movement
221,6,Excessive Head Turn
221,6,Excessive Hand Movement
221,18,Excessive Head Turn
221,18,Excessive Hand Movement
222,1,Excessive Head Turn
222,1,Excessive Hand Movement
222,3,Excessive Head Turn
222,3,Excessive Hand Movement
222,6,Excessive Head Turn
222,6,Excessive Hand Movement
222,18,Excessive Head Turn
222,18,Excessive Hand Movement
223,1,Excessive Head Turn
223,1,Excessive Hand Movement
223,2,Excessive Head Turn
223,2,Excessive Hand Movement
223,3,Excessive Head Turn
223,3,Excessive Hand Movement
223,6,Excessive Head Turn
223,6,Excessive Hand Movement
224,1,Excessive Head Turn
224,1,Excessive Hand Movement
224,2,Excessive Head Turn
224,2,Excessive Hand Movement
224,3,Excessive Head Turn
224,3,Excessive Hand Movement
224,6,Excessive Head Turn
224,6,Excessive Hand Movement
224,18,Excessive Head Turn
224,18,Excessive Hand Movement
225,1,Excessive Head Turn
225,1,Excessive Hand Movement
225,2,Excessive Head Turn
225,2,Excessive Hand Movement
225,3,Excessive Head Turn
225,3,Excessive Hand Movement
225,6,Excessive Head Turn
225,6,Excessive Hand Movement
226,1,Excessive Head Turn
226,1,Excessive Hand Movement
226,2,Excessive Head Turn
226,2,Excessive Hand Movement
226,3,Excessive Head Turn
226,3,Excessive Hand Movement
226,6,Excessive Head Turn
226,6,Excessive Hand Movement
226,18,Excessive Head Turn
226,18,Excessive Hand Movement
227,1,Excessive Head Turn
227,1,Excessive Hand Movement
227,3,Excessive Head Turn
227,3,Excessive Hand Movement
227,6,Excessive Head Turn
227,6,Excessive Hand Movement
227,18,Excessive Head Turn
227,18,Excessive Hand Movement
228,1,Excessive Head Turn
228,1,Excessive Hand Movement
228,2,Excessive Head Turn
228,2,Excessive Hand Movement
228,3,Excessive Head Turn
228,3,Excessive Hand Movement
228,6,Excessive Head Turn
228,6,Excessive Hand Movement
228,18,Excessive Head Turn
228,18,Excessive Hand Movement
229,1,Excessive Head Turn
229,1,Excessive Hand Movement
229,3,Excessive Head Turn
229,3,Excessive Hand Movement
229,6,Excessive Head Turn
229,6,Excessive Hand Movement
229,18,Excessive Head Turn
229,18,Excessive Hand Movement
230,1,Excessive Head Turn
230,1,Excessive Hand Movement
230,2,Excessive Head Turn
230,2,Excessive Hand Movement
230,3,Excessive Head Turn
230,3,Excessive Hand Movement
230,6,Excessive Head Turn
230,6,Excessive Hand Movement
230,18,Excessive Head Turn
230,18,Excessive Hand Movement
231,1,Excessive Head Turn
231,1,Excessive Hand Movement
231,3,Excessive Head Turn
231,3,Excessive Hand Movement
231,6,Excessive Head Turn
231,6,Excessive Hand Movement
231,18,Excessive Head Turn
231,18,Excessive Hand Movement
232,1,Excessive Head Turn
232,1,Excessive Hand Movement
232,2,Excessive Head Turn
232,2,Excessive Hand Movement
232,3,Excessive Head Turn
232,3,Excessive Hand Movement
232,6,Excessive Head Turn
232,6,Excessive Hand Movement
233,1,Excessive Head Turn
233,1,Excessive Hand Movement
233,2,Excessive Head Turn
233,2,Excessive Hand Movement
233,3,Excessive Head Turn
233,3,Excessive Hand Movement
233,6,Excessive Head Turn
233,6,Excessive Hand Movement
233,18,Excessive Head Turn
233,18,Excessive Hand Movement
234,1,Excessive Head Turn
234,1,Excessive Hand Movement
234,3,Excessive Head Turn
234,3,Excessive Hand Movement
234,6,Excessive Head Turn
234,6,Excessive Hand Movement
234,18,Excessive Head Turn
234,18,Excessive Hand Movement
235,1,Excessive Head Turn
235,1,Excessive Hand Movement
235,3,Excessive Head Turn
235,3,Excessive Hand Movement
235,6,Excessive Head Turn
235,6,Excessive Hand Movement
235,18,Excessive Head Turn
235,18,Excessive Hand Movement
236,1,Excessive Head Turn
236,1,Excessive Hand Movement
236,2,Excessive Head Turn
236,2,Excessive Hand Movement
236,3,Excessive Head Turn
236,3,Excessive Hand Movement
236,6,Excessive Head Turn
236,6,Excessive Hand Movement
236,18,Excessive Head Turn
236,18,Excessive Hand Movement
237,1,Excessive Head Turn
237,1,Excessive Hand Movement
237,2,Excessive Head Turn
237,2,Excessive Hand Movement
237,3,Excessive Head Turn
237,3,Excessive Hand Movement
237,6,Excessive Head Turn
237,6,Excessive Hand Movement
238,1,Excessive Head Turn
238,1,Excessive Hand Movement
238,2,Excessive Head Turn
238,2,Excessive Hand Movement
238,3,Excessive Head Turn
238,3,Excessive Hand Movement
238,6,Excessive Head Turn
238,6,Excessive Hand Movement
238,18,Excessive Head Turn
238,18,Excessive Hand Movement
239,1,Excessive Head Turn
239,1,Excessive Hand Movement
239,2,Excessive Head Turn
239,2,Excessive Hand Movement
239,3,Excessive Head Turn
239,3,Excessive Hand Movement
239,6,Excessive Head Turn
239,6,Excessive Hand Movement
240,1,Excessive Head Turn
240,1,Excessive Hand Movement
240,2,Excessive Head Turn
240,2,Excessive Hand Movement
240,3,Excessive Head Turn
240,3,Excessive Hand Movement
240,6,Excessive Head Turn
240,6,Excessive Hand Movement
240,18,Excessive Head Turn
240,18,Excessive Hand Movement
241,1,Excessive Head Turn
241,1,Excessive Hand Movement
241,2,Excessive Head Turn
241,2,Excessive Hand Movement
241,3,Excessive Head Turn
241,3,Excessive Hand Movement
241,6,Excessive Head Turn
241,6,Excessive Hand Movement
242,1,Excessive Head Turn
242,1,Excessive Hand Movement
242,2,Excessive Head Turn
242,2,Excessive Hand Movement
242,3,Excessive Head Turn
242,3,Excessive Hand Movement
242,6,Excessive Head Turn
242,6,Excessive Hand Movement
242,18,Excessive Head Turn
242,18,Excessive Hand Movement
243,2,Excessive Head Turn
243,2,Excessive Hand Movement
243,3,Excessive Head Turn
243,3,Excessive Hand Movement
243,6,Excessive Head Turn
243,6,Excessive Hand Movement
243,18,Excessive Head Turn
243,18,Excessive Hand Movement
244,1,Excessive Head Turn
244,1,Excessive Hand Movement
244,2,Excessive Head Turn
244,2,Excessive Hand Movement
244,18,Excessive Head Turn
244,18,Excessive Hand Movement
245,1,Excessive Head Turn
245,1,Excessive Hand Movement
245,2,Excessive Head Turn
245,2,Excessive Hand Movement
245,3,Excessive Head Turn
245,3,Excessive Hand Movement
245,6,Excessive Head Turn
245,6,Excessive Hand Movement
245,18,Excessive Head Turn
245,18,Excessive Hand Movement
246,1,Excessive Head Turn
246,1,Excessive Hand Movement
246,2,Excessive Head Turn
246,2,Excessive Hand Movement
246,6,Excessive Head Turn
246,6,Excessive Hand Movement
246,18,Excessive Head Turn
246,18,Excessive Hand Movement
247,1,Excessive Head Turn
247,1,Excessive Hand Movement
247,2,Excessive Head Turn
247,2,Excessive Hand Movement
247,6,Excessive Head Turn
247,6,Excessive Hand Movement
247,18,Excessive Head Turn
247,18,Excessive Hand Movement
248,1,Excessive Head Turn
248,1,Excessive Hand Movement
248,2,Excessive Head Turn
248,2,Excessive Hand Movement
248,3,Excessive Head Turn
248,3,Excessive Hand Movement
248,6,Excessive Head Turn
248,6,Excessive Hand Movement
248,18,Excessive Head Turn
248,18,Excessive Hand Movement
249,1,Excessive Head Turn
249,1,Excessive Hand Movement
249,3,Excessive Head Turn
249,3,Excessive Hand Movement
249,6,Excessive Head Turn
249,6,Excessive Hand Movement
249,18,Excessive Head Turn
249,18,Excessive Hand Movement
250,1,Excessive Head Turn
250,1,Excessive Hand Movement
250,2,Excessive Head Turn
250,2,Excessive Hand Movement
250,3,Excessive Head Turn
250,3,Excessive Hand Movement
250,6,Excessive Head Turn
250,6,Excessive Hand Movement
251,2,Excessive Head Turn
251,2,Excessive Hand Movement
251,3,Excessive Head Turn
251,3,Excessive Hand Movement
251,6,Excessive Head Turn
251,6,Excessive Hand Movement
251,18,Excessive Head Turn
251,18,Excessive Hand Movement
252,1,Excessive Head Turn
252,1,Excessive Hand Movement
252,2,Excessive Head Turn
252,2,Excessive Hand Movement
252,3,Excessive Head Turn
252,3,Excessive Hand Movement
252,6,Excessive Head Turn
252,6,Excessive Hand Movement
252,18,Excessive Head Turn
252,18,Excessive Hand Movement
253,1,Excessive Head Turn
253,1,Excessive Hand Movement
253,3,Excessive Head Turn
253,3,Excessive Hand Movement
253,6,Excessive Head Turn
253,6,Excessive Hand Movement
253,18,Excessive Head Turn
253,18,Excessive Hand Movement
254,1,Excessive Head Turn
254,1,Excessive Hand Movement
254,3,Excessive Head Turn
254,3,Excessive Hand Movement
254,6,Excessive Head Turn
254,6,Excessive Hand Movement
254,18,Excessive Head Turn
254,18,Excessive Hand Movement
255,1,Excessive Head Turn
255,1,Excessive Hand Movement
255,3,Excessive Head Turn
255,3,Excessive Hand Movement
255,6,Excessive Head Turn
255,6,Excessive Hand Movement
256,1,Excessive Head Turn
256,1,Excessive Hand Movement
256,2,Excessive Head Turn
256,2,Excessive Hand Movement
256,3,Excessive Head Turn
256,3,Excessive Hand Movement
256,6,Excessive Head Turn
256,6,Excessive Hand Movement
256,18,Excessive Head Turn
256,18,Excessive Hand Movement
257,1,Excessive Head Turn
257,1,Excessive Hand Movement
257,2,Excessive Head Turn
257,2,Excessive Hand Movement
257,6,Excessive Head Turn
257,6,Excessive Hand Movement
257,18,Excessive Head Turn
257,18,Excessive Hand Movement
258,1,Excessive Head Turn
258,1,Excessive Hand Movement
258,2,Excessive Head Turn
258,2,Excessive Hand Movement
258,3,Excessive Head Turn
258,3,Excessive Hand Movement
258,6,Excessive Head Turn
258,6,Excessive Hand Movement
258,18,Excessive Head Turn
258,18,Excessive Hand Movement
259,1,Excessive Head Turn
259,1,Excessive Hand Movement
259,2,Excessive Head Turn
259,2,Excessive Hand Movement
259,3,Excessive Head Turn
259,3,Excessive Hand Movement
259,6,Excessive Head Turn
259,6,Excessive Hand Movement
260,1,Excessive Head Turn
260,1,Excessive Hand Movement
260,2,Excessive Head Turn
260,2,Excessive Hand Movement
260,3,Excessive Head Turn
260,3,Excessive Hand Movement
260,6,Excessive Head Turn
260,6,Excessive Hand Movement
260,18,Excessive Head Turn
260,18,Excessive Hand Movement
261,1,Excessive Head Turn
261,1,Excessive Hand Movement
261,2,Excessive Head Turn
261,2,Excessive Hand Movement
261,3,Excessive Head Turn
261,3,Excessive Hand Movement
261,6,Excessive Head Turn
261,6,Excessive Hand Movement
262,2,Excessive Head Turn
262,2,Excessive Hand Movement
262,3,Excessive Head Turn
262,3,Excessive Hand Movement
262,6,Excessive Head Turn
262,6,Excessive Hand Movement
262,18,Excessive Head Turn
262,18,Excessive Hand Movement
263,1,Excessive Head Turn
263,1,Excessive Hand Movement
263,2,Excessive Head Turn
263,2,Excessive Hand Movement
263,3,Excessive Head Turn
263,3,Excessive Hand Movement
263,18,Excessive Head Turn
263,18,Excessive Hand Movement
264,1,Excessive Head Turn
264,1,Excessive Hand Movement
264,2,Excessive Head Turn
264,2,Excessive Hand Movement
264,3,Excessive Head Turn
264,3,Excessive Hand Movement
264,6,Excessive Head Turn
264,6,Excessive Hand Movement
264,18,Excessive Head Turn
264,18,Excessive Hand Movement
265,1,Excessive Head Turn
265,1,Excessive Hand Movement
265,2,Excessive Head Turn
265,2,Excessive Hand Movement
265,6,Excessive Head Turn
265,6,Excessive Hand Movement
265,18,Excessive Head Turn
265,18,Excessive Hand Movement
266,1,Excessive Head Turn
266,1,Excessive Hand Movement
266,2,Excessive Head Turn
266,2,Excessive Hand Movement
266,6,Excessive Head Turn
266,6,Excessive Hand Movement
266,18,Excessive Head Turn
266,18,Excessive Hand Movement
267,1,Excessive Head Turn
267,1,Excessive Hand Movement
267,2,Excessive Head Turn
267,2,Excessive Hand Movement
267,3,Excessive Head Turn
267,3,Excessive Hand Movement
267,6,Excessive Head Turn
267,6,Excessive Hand Movement
268,1,Excessive Head Turn
268,1,Excessive Hand Movement
268,2,Excessive Head Turn
268,2,Excessive Hand Movement
268,3,Excessive Head Turn
268,3,Excessive Hand Movement
268,6,Excessive Head Turn
268,6,Excessive Hand Movement
268,18,Excessive Head Turn
268,18,Excessive Hand Movement
269,1,Excessive Head Turn
269,1,Excessive Hand Movement
269,3,Excessive Head Turn
269,3,Excessive Hand Movement
269,6,Excessive Head Turn
269,6,Excessive Hand Movement
269,18,Excessive Head Turn
269,18,Excessive Hand Movement
270,1,Excessive Head Turn
270,1,Excessive Hand Movement
270,2,Excessive Head Turn
270,2,Excessive Hand Movement
270,6,Excessive Head Turn
270,6,Excessive Hand Movement
270,18,Excessive Head Turn
270,18,Excessive Hand Movement
271,1,Excessive Head Turn
271,1,Excessive Hand Movement
271,2,Excessive Head Turn
271,2,Excessive Hand Movement
271,3,Excessive Head Turn
271,3,Excessive Hand Movement
271,6,Excessive Head Turn
271,6,Excessive Hand Movement
271,18,Excessive Head Turn
271,18,Excessive Hand Movement
272,1,Excessive Head Turn
272,1,Excessive Hand Movement
272,2,Excessive Head Turn
272,2,Excessive Hand Movement
272,3,Excessive Head Turn
272,3,Excessive Hand Movement
272,6,Excessive Head Turn
272,6,Excessive Hand Movement
273,1,Excessive Head Turn
273,1,Excessive Hand Movement
273,2,Excessive Head Turn
273,2,Excessive Hand Movement
273,3,Excessive Head Turn
273,3,Excessive Hand Movement
273,6,Excessive Head Turn
273,6,Excessive Hand Movement
274,1,Excessive Head Turn
274,1,Excessive Hand Movement
274,2,Excessive Head Turn
274,2,Excessive Hand Movement
274,3,Excessive Head Turn
274,3,Excessive Hand Movement
274,6,Excessive Head Turn
274,6,Excessive Hand Movement
274,18,Excessive Head Turn
274,18,Excessive Hand Movement
275,1,Excessive Head Turn
275,1,Excessive Hand Movement
275,6,Excessive Head Turn
275,6,Excessive Hand Movement
276,1,Excessive Head Turn
276,1,Excessive Hand Movement
276,2,Excessive Head Turn
276,2,Excessive Hand Movement
276,3,Excessive Head Turn
276,3,Excessive Hand Movement
276,6,Excessive Head Turn
276,6,Excessive Hand Movement
276,18,Excessive Head Turn
276,18,Excessive Hand Movement
277,1,Excessive Head Turn
277,1,Excessive Hand Movement
277,2,Excessive Head Turn
277,2,Excessive Hand Movement
277,3,Excessive Head Turn
277,3,Excessive Hand Movement
277,6,Excessive Head Turn
277,6,Excessive Hand Movement
278,1,Excessive Head Turn
278,1,Excessive Hand Movement
278,2,Excessive Head Turn
278,2,Excessive Hand Movement
278,3,Excessive Head Turn
278,3,Excessive Hand Movement
278,6,Excessive Head Turn
278,6,Excessive Hand Movement
278,18,Excessive Head Turn
278,18,Excessive Hand Movement
279,1,Excessive Head Turn
279,1,Excessive Hand Movement
279,2,Excessive Head Turn
279,2,Excessive Hand Movement
279,3,Excessive Head Turn
279,3,Excessive Hand Movement
280,1,Excessive Head Turn
280,1,Excessive Hand Movement
280,2,Excessive Head Turn
280,2,Excessive Hand Movement
280,3,Excessive Head Turn
280,3,Excessive Hand Movement
280,6,Excessive Head Turn
280,6,Excessive Hand Movement
280,18,Excessive Head Turn
280,18,Excessive Hand Movement
281,1,Excessive Head Turn
281,1,Excessive Hand Movement
281,3,Excessive Head Turn
281,3,Excessive Hand Movement
281,6,Excessive Head Turn
281,6,Excessive Hand Movement
281,18,Excessive Head Turn
281,18,Excessive Hand Movement
282,1,Excessive Head Turn
282,1,Excessive Hand Movement
282,2,Excessive Head Turn
282,2,Excessive Hand Movement
282,3,Excessive Head Turn
282,3,Excessive Hand Movement
282,6,Excessive Head Turn
282,6,Excessive Hand Movement
283,2,Excessive Head Turn
283,2,Excessive Hand Movement
283,3,Excessive Head Turn
283,3,Excessive Hand Movement
283,6,Excessive Head Turn
283,6,Excessive Hand Movement
284,2,Excessive Head Turn
284,2,Excessive Hand Movement
284,3,Excessive Head Turn
284,3,Excessive Hand Movement
284,6,Excessive Head Turn
284,6,Excessive Hand Movement
284,18,Excessive Head Turn
284,18,Excessive Hand Movement
285,1,Excessive Head Turn
285,1,Excessive Hand Movement
285,2,Excessive Head Turn
285,2,Excessive Hand Movement
285,3,Excessive Head Turn
285,3,Excessive Hand Movement
285,6,Excessive Head Turn
285,6,Excessive Hand Movement
286,1,Excessive Head Turn
286,1,Excessive Hand Movement
286,2,Excessive Head Turn
286,2,Excessive Hand Movement
286,3,Excessive Head Turn
286,3,Excessive Hand Movement
286,6,Excessive Head Turn
286,6,Excessive Hand Movement
286,18,Excessive Head Turn
286,18,Excessive Hand Movement
287,2,Excessive Head Turn
287,2,Excessive Hand Movement
287,3,Excessive Head Turn
287,3,Excessive Hand Movement
287,6,Excessive Head Turn
287,6,Excessive Hand Movement
287,18,Excessive Head Turn
287,18,Excessive Hand Movement
288,1,Excessive Head Turn
288,1,Excessive Hand Movement
288,3,Excessive Head Turn
288,3,Excessive Hand Movement
288,6,Excessive Head Turn
288,6,Excessive Hand Movement
288,18,Excessive Head Turn
288,18,Excessive Hand Movement
289,2,Excessive Head Turn
289,2,Excessive Hand Movement
289,3,Excessive Head Turn
289,3,Excessive Hand Movement
289,6,Excessive Head Turn
289,6,Excessive Hand Movement
289,18,Excessive Head Turn
289,18,Excessive Hand Movement
290,1,Excessive Head Turn
290,1,Excessive Hand Movement
290,2,Excessive Head Turn
290,2,Excessive Hand Movement
290,3,Excessive Head Turn
290,3,Excessive Hand Movement
291,2,Excessive Head Turn
291,2,Excessive Hand Movement
291,3,Excessive Head Turn
291,3,Excessive Hand Movement
291,6,Excessive Head Turn
291,6,Excessive Hand Movement
292,1,Excessive Head Turn
292,1,Excessive Hand Movement
292,2,Excessive Head Turn
292,2,Excessive Hand Movement
292,3,Excessive Head Turn
292,3,Excessive Hand Movement
292,6,Excessive Head Turn
292,6,Excessive Hand Movement
293,1,Excessive Head Turn
293,1,Excessive Hand Movement
293,2,Excessive Head Turn
293,2,Excessive Hand Movement
293,3,Excessive Head Turn
293,3,Excessive Hand Movement
293,6,Excessive Head Turn
293,6,Excessive Hand Movement
294,1,Excessive Head Turn
294,1,Excessive Hand Movement
294,2,Excessive Head Turn
294,2,Excessive Hand Movement
294,3,Excessive Head Turn
294,3,Excessive Hand Movement
294,6,Excessive Head Turn
294,6,Excessive Hand Movement
295,1,Excessive Head Turn
295,1,Excessive Hand Movement
295,2,Excessive Head Turn
295,2,Excessive Hand Movement
295,3,Excessive Head Turn
295,3,Excessive Hand Movement
295,6,Excessive Head Turn
295,6,Excessive Hand Movement
296,1,Excessive Head Turn
296,1,Excessive Hand Movement
296,2,Excessive Head Turn
296,2,Excessive Hand Movement
296,3,Excessive Head Turn
296,3,Excessive Hand Movement
296,6,Excessive Head Turn
296,6,Excessive Hand Movement
296,18,Excessive Head Turn
296,18,Excessive Hand Movement
297,1,Excessive Head Turn
297,1,Excessive Hand Movement
297,2,Excessive Head Turn
297,2,Excessive Hand Movement
297,3,Excessive Head Turn
297,3,Excessive Hand Movement
297,6,Excessive Head Turn
297,6,Excessive Hand Movement
298,1,Excessive Head Turn
298,1,Excessive Hand Movement
298,2,Excessive Head Turn
298,2,Excessive Hand Movement
298,3,Excessive Head Turn
298,3,Excessive Hand Movement
298,6,Excessive Head Turn
298,6,Excessive Hand Movement
298,18,Excessive Head Turn
298,18,Excessive Hand Movement
299,1,Excessive Head Turn
299,1,Excessive Hand Movement
299,2,Excessive Head Turn
299,2,Excessive Hand Movement
299,18,Excessive Head Turn
299,18,Excessive Hand Movement
300,1,Excessive Head Turn
300,1,Excessive Hand Movement
300,2,Excessive Head Turn
300,2,Excessive Hand Movement
300,3,Excessive Head Turn
300,3,Excessive Hand Movement
300,6,Excessive Head Turn
300,6,Excessive Hand Movement
300,18,Excessive Head Turn
300,18,Excessive Hand Movement
301,1,Excessive Head Turn
301,1,Excessive Hand Movement
301,2,Excessive Head Turn
301,2,Excessive Hand Movement
301,3,Excessive Head Turn
301,3,Excessive Hand Movement
301,6,Excessive Head Turn
301,6,Excessive Hand Movement
301,18,Excessive Head Turn
301,18,Excessive Hand Movement
302,1,Excessive Head Turn
302,1,Excessive Hand Movement
302,3,Excessive Head Turn
302,3,Excessive Hand Movement
302,6,Excessive Head Turn
302,6,Excessive Hand Movement
302,18,Excessive Head Turn
302,18,Excessive Hand Movement
303,1,Excessive Head Turn
303,1,Excessive Hand Movement
303,2,Excessive Head Turn
303,2,Excessive Hand Movement
303,3,Excessive Head Turn
303,3,Excessive Hand Movement
303,6,Excessive Head Turn
303,6,Excessive Hand Movement
303,18,Excessive Head Turn
303,18,Excessive Hand Movement
304,1,Excessive Head Turn
304,1,Excessive Hand Movement
304,2,Excessive Head Turn
304,2,Excessive Hand Movement
304,3,Excessive Head Turn
304,3,Excessive Hand Movement
304,6,Excessive Head Turn
304,6,Excessive Hand Movement
304,18,Excessive Head Turn
304,18,Excessive Hand Movement
305,1,Excessive Head Turn
305,1,Excessive Hand Movement
306,1,Excessive Head Turn
306,1,Excessive Hand Movement
306,2,Excessive Head Turn
306,2,Excessive Hand Movement
306,3,Excessive Head Turn
306,3,Excessive Hand Movement
306,6,Excessive Head Turn
306,6,Excessive Hand Movement
306,18,Excessive Head Turn
306,18,Excessive Hand Movement
307,1,Excessive Head Turn
307,1,Excessive Hand Movement
307,2,Excessive Head Turn
307,2,Excessive Hand Movement
307,3,Excessive Head Turn
307,3,Excessive Hand Movement
308,2,Excessive Head Turn
308,2,Excessive Hand Movement
308,3,Excessive Head Turn
308,3,Excessive Hand Movement
308,6,Excessive Head Turn
308,6,Excessive Hand Movement
308,18,Excessive Head Turn
308,18,Excessive Hand Movement
309,1,Excessive Head Turn
309,1,Excessive Hand Movement
309,3,Excessive Head Turn
309,3,Excessive Hand Movement
309,6,Excessive Head Turn
309,6,Excessive Hand Movement
309,18,Excessive Head Turn
309,18,Excessive Hand Movement
310,1,Excessive Head Turn
310,1,Excessive Hand Movement
310,3,Excessive Head Turn
310,3,Excessive Hand Movement
310,6,Excessive Head Turn
310,6,Excessive Hand Movement
310,18,Excessive Head Turn
310,18,Excessive Hand Movement
311,1,Excessive Head Turn
311,1,Excessive Hand Movement
311,2,Excessive Head Turn
311,2,Excessive Hand Movement
311,3,Excessive Head Turn
311,3,Excessive Hand Movement
311,6,Excessive Head Turn
311,6,Excessive Hand Movement
312,1,Excessive Head Turn
312,1,Excessive Hand Movement
312,2,Excessive Head Turn
312,2,Excessive Hand Movement
312,3,Excessive Head Turn
312,3,Excessive Hand Movement
312,6,Excessive Head Turn
312,6,Excessive Hand Movement
312,18,Excessive Head Turn
312,18,Excessive Hand Movement
313,1,Excessive Head Turn
313,1,Excessive Hand Movement
314,2,Excessive Head Turn
314,2,Excessive Hand Movement
314,3,Excessive Head Turn
314,3,Excessive Hand Movement
314,6,Excessive Head Turn
314,6,Excessive Hand Movement
315,2,Excessive Head Turn
315,2,Excessive Hand Movement
315,3,Excessive Head Turn
315,3,Excessive Hand Movement
315,6,Excessive Head Turn
315,6,Excessive Hand Movement
316,1,Excessive Head Turn
316,1,Excessive Hand Movement
316,2,Excessive Head Turn
316,2,Excessive Hand Movement
316,3,Excessive Head Turn
316,3,Excessive Hand Movement
316,6,Excessive Head Turn
316,6,Excessive Hand Movement
316,18,Excessive Head Turn
316,18,Excessive Hand Movement
317,1,Excessive Head Turn
317,1,Excessive Hand Movement
317,2,Excessive Head Turn
317,2,Excessive Hand Movement
317,3,Excessive Head Turn
317,3,Excessive Hand Movement
317,6,Excessive Head Turn
317,6,Excessive Hand Movement
318,2,Excessive Head Turn
318,2,Excessive Hand Movement
318,3,Excessive Head Turn
318,3,Excessive Hand Movement
318,6,Excessive Head Turn
318,6,Excessive Hand Movement
318,18,Excessive Head Turn
318,18,Excessive Hand Movement
319,1,Excessive Head Turn
319,1,Excessive Hand Movement
319,3,Excessive Head Turn
319,3,Excessive Hand Movement
319,6,Excessive Head Turn
319,6,Excessive Hand Movement
319,18,Excessive Head Turn
319,18,Excessive Hand Movement
320,1,Excessive Head Turn
320,1,Excessive Hand Movement
320,2,Excessive Head Turn
320,2,Excessive Hand Movement
320,3,Excessive Head Turn
320,3,Excessive Hand Movement
320,6,Excessive Head Turn
320,6,Excessive Hand Movement
321,2,Excessive Head Turn
321,2,Excessive Hand Movement
321,3,Excessive Head Turn
321,3,Excessive Hand Movement
321,6,Excessive Head Turn
321,6,Excessive Hand Movement
321,18,Excessive Head Turn
321,18,Excessive Hand Movement
322,1,Excessive Head Turn
322,1,Excessive Hand Movement
322,2,Excessive Head Turn
322,2,Excessive Hand Movement
322,3,Excessive Head Turn
322,3,Excessive Hand Movement
322,6,Excessive Head Turn
322,6,Excessive Hand Movement
322,18,Excessive Head Turn
322,18,Excessive Hand Movement
323,1,Excessive Head Turn
323,1,Excessive Hand Movement
323,3,Excessive Head Turn
323,3,Excessive Hand Movement
323,6,Excessive Head Turn
323,6,Excessive Hand Movement
323,18,Excessive Head Turn
323,18,Excessive Hand Movement
324,1,Excessive Head Turn
324,1,Excessive Hand Movement
324,3,Excessive Head Turn
324,3,Excessive Hand Movement
324,6,Excessive Head Turn
324,6,Excessive Hand Movement
325,1,Excessive Head Turn
325,1,Excessive Hand Movement
325,2,Excessive Head Turn
325,2,Excessive Hand Movement
325,3,Excessive Head Turn
325,3,Excessive Hand Movement
325,6,Excessive Head Turn
325,6,Excessive Hand Movement
325,18,Excessive Head Turn
325,18,Excessive Hand Movement
326,1,Excessive Head Turn
326,1,Excessive Hand Movement
326,2,Excessive Head Turn
326,2,Excessive Hand Movement
326,3,Excessive Head Turn
326,3,Excessive Hand Movement
326,6,Excessive Head Turn
326,6,Excessive Hand Movement
326,18,Excessive Head Turn
326,18,Excessive Hand Movement
327,1,Excessive Head Turn
327,1,Excessive Hand Movement
327,3,Excessive Head Turn
327,3,Excessive Hand Movement
327,6,Excessive Head Turn
327,6,Excessive Hand Movement
328,2,Excessive Head Turn
328,2,Excessive Hand Movement
328,3,Excessive Head Turn
328,3,Excessive Hand Movement
328,6,Excessive Head Turn
328,6,Excessive Hand Movement
328,18,Excessive Head Turn
328,18,Excessive Hand Movement
329,1,Excessive Head Turn
329,1,Excessive Hand Movement
329,2,Excessive Head Turn
329,2,Excessive Hand Movement
329,3,Excessive Head Turn
329,3,Excessive Hand Movement
329,6,Excessive Head Turn
329,6,Excessive Hand Movement
329,18,Excessive Head Turn
329,18,Excessive Hand Movement
330,1,Excessive Head Turn
330,1,Excessive Hand Movement
330,3,Excessive Head Turn
330,3,Excessive Hand Movement
330,6,Excessive Head Turn
330,6,Excessive Hand Movement
331,2,Excessive Head Turn
331,2,Excessive Hand Movement
331,3,Excessive Head Turn
331,3,Excessive Hand Movement
331,6,Excessive Head Turn
331,6,Excessive Hand Movement
331,18,Excessive Head Turn
331,18,Excessive Hand Movement
332,1,Excessive Head Turn
332,1,Excessive Hand Movement
332,2,Excessive Head Turn
332,2,Excessive Hand Movement
332,3,Excessive Head Turn
332,3,Excessive Hand Movement
332,6,Excessive Head Turn
332,6,Excessive Hand Movement
333,2,Excessive Head Turn
333,2,Excessive Hand Movement
333,3,Excessive Head Turn
333,3,Excessive Hand Movement
333,6,Excessive Head Turn
333,6,Excessive Hand Movement
333,18,Excessive Head Turn
333,18,Excessive Hand Movement
334,2,Excessive Head Turn
334,2,Excessive Hand Movement
334,3,Excessive Head Turn
334,3,Excessive Hand Movement
334,6,Excessive Head Turn
334,6,Excessive Hand Movement
334,18,Excessive Head Turn
334,18,Excessive Hand Movement
334,20,Excessive Head Turn
335,1,Excessive Head Turn
335,1,Excessive Hand Movement
335,3,Excessive Head Turn
335,3,Excessive Hand Movement
335,6,Excessive Head Turn
335,6,Excessive Hand Movement
335,18,Excessive Head Turn
335,18,Excessive Hand Movement
335,20,Excessive Head Turn
336,1,Excessive Head Turn
336,1,Excessive Hand Movement
336,3,Excessive Head Turn
336,3,Excessive Hand Movement
336,6,Excessive Head Turn
336,6,Excessive Hand Movement
336,18,Excessive Head Turn
336,18,Excessive Hand Movement
337,1,Excessive Head Turn
337,1,Excessive Hand Movement
337,3,Excessive Head Turn
337,3,Excessive Hand Movement
337,6,Excessive Head Turn
337,6,Excessive Hand Movement
337,18,Excessive Head Turn
337,18,Excessive Hand Movement
337,20,Excessive Head Turn
338,3,Excessive Head Turn
338,3,Excessive Hand Movement
338,6,Excessive Head Turn
338,6,Excessive Hand Movement
338,18,Excessive Head Turn
338,18,Excessive Hand Movement
338,20,Excessive Head Turn
339,6,Excessive Head Turn
339,6,Excessive Hand Movement
339,18,Excessive Head Turn
339,18,Excessive Hand Movement
340,1,Excessive Head Turn
340,1,Excessive Hand Movement
340,3,Excessive Head Turn
340,3,Excessive Hand Movement
341,1,Excessive Head Turn
341,1,Excessive Hand Movement
341,3,Excessive Head Turn
341,3,Excessive Hand Movement
341,6,Excessive Head Turn
341,6,Excessive Hand Movement
341,18,Excessive Head Turn
341,18,Excessive Hand Movement
342,1,Excessive Head Turn
342,1,Excessive Hand Movement
342,18,Excessive Head Turn
342,18,Excessive Hand Movement
343,3,Excessive Head Turn
343,3,Excessive Hand Movement
343,6,Excessive Head Turn
343,6,Excessive Hand Movement
343,18,Excessive Head Turn
343,18,Excessive Hand Movement
343,20,Excessive Head Turn
344,1,Excessive Head Turn
344,1,Excessive Hand Movement
344,3,Excessive Head Turn
344,3,Excessive Hand Movement
344,6,Excessive Head Turn
344,6,Excessive Hand Movement
344,20,Excessive Head Turn
345,1,Excessive Head Turn
345,1,Excessive Hand Movement
345,3,Excessive Head Turn
345,3,Excessive Hand Movement
345,6,Excessive Head Turn
345,6,Excessive Hand Movement
345,18,Excessive Head Turn
345,18,Excessive Hand Movement
346,3,Excessive Head Turn
346,3,Excessive Hand Movement
346,6,Excessive Head Turn
346,6,Excessive Hand Movement
346,18,Excessive Head Turn
346,18,Excessive Hand Movement
347,3,Excessive Head Turn
347,3,Excessive Hand Movement
347,6,Excessive Head Turn
347,6,Excessive Hand Movement
347,18,Excessive Head Turn
347,18,Excessive Hand Movement
347,20,Excessive Head Turn
348,1,Excessive Head Turn
348,1,Excessive Hand Movement
348,3,Excessive Head Turn
348,3,Excessive Hand Movement
348,6,Excessive Head Turn
348,6,Excessive Hand Movement
348,20,Excessive Head Turn
349,1,Excessive Head Turn
349,1,Excessive Hand Movement
349,3,Excessive Head Turn
349,3,Excessive Hand Movement
349,6,Excessive Head Turn
349,6,Excessive Hand Movement
349,18,Excessive Head Turn
349,18,Excessive Hand Movement
349,20,Excessive Head Turn
349,20,Excessive Hand Movement
350,1,Excessive Head Turn
350,1,Excessive Hand Movement
350,3,Excessive Head Turn
350,3,Excessive Hand Movement
350,6,Excessive Head Turn
350,6,Excessive Hand Movement
350,18,Excessive Head Turn
350,18,Excessive Hand Movement
350,20,Excessive Head Turn
350,20,Excessive Hand Movement
351,1,Excessive Head Turn
351,1,Excessive Hand Movement
351,3,Excessive Head Turn
351,3,Excessive Hand Movement
351,18,Excessive Head Turn
351,18,Excessive Hand Movement
351,20,Excessive Head Turn
351,20,Excessive Hand Movement
352,1,Excessive Head Turn
352,1,Excessive Hand Movement
352,3,Excessive Head Turn
352,3,Excessive Hand Movement
352,6,Excessive Head Turn
352,6,Excessive Hand Movement
352,18,Excessive Head Turn
352,18,Excessive Hand Movement
353,3,Excessive Head Turn
353,3,Excessive Hand Movement
353,6,Excessive Head Turn
353,6,Excessive Hand Movement
353,18,Excessive Head Turn
353,18,Excessive Hand Movement
353,20,Excessive Head Turn
353,20,Excessive Hand Movement
354,1,Excessive Head Turn
354,1,Excessive Hand Movement
354,3,Excessive Head Turn
354,3,Excessive Hand Movement
354,6,Excessive Head Turn
354,6,Excessive Hand Movement
354,20,Excessive Head Turn
354,20,Excessive Hand Movement
355,1,Excessive Head Turn
355,1,Excessive Hand Movement
355,3,Excessive Head Turn
355,3,Excessive Hand Movement
355,6,Excessive Head Turn
355,6,Excessive Hand Movement
355,18,Excessive Head Turn
355,18,Excessive Hand Movement
356,3,Excessive Head Turn
356,3,Excessive Hand Movement
356,6,Excessive Head Turn
356,6,Excessive Hand Movement
356,18,Excessive Head Turn
356,18,Excessive Hand Movement
356,20,Excessive Head Turn
356,20,Excessive Hand Movement
357,3,Excessive Head Turn
357,3,Excessive Hand Movement
357,6,Excessive Head Turn
357,6,Excessive Hand Movement
357,18,Excessive Head Turn
357,18,Excessive Hand Movement
357,20,Excessive Head Turn
357,20,Excessive Hand Movement
358,1,Excessive Head Turn
358,1,Excessive Hand Movement
358,3,Excessive Head Turn
358,3,Excessive Hand Movement
358,6,Excessive Head Turn
358,6,Excessive Hand Movement
358,20,Excessive Head Turn
358,20,Excessive Hand Movement
359,3,Excessive Head Turn
359,3,Excessive Hand Movement
359,6,Excessive Head Turn
359,6,Excessive Hand Movement
360,1,Excessive Head Turn
360,1,Excessive Hand Movement
360,3,Excessive Head Turn
360,3,Excessive Hand Movement
360,6,Excessive Head Turn
360,6,Excessive Hand Movement
360,20,Excessive Head Turn
360,20,Excessive Hand Movement
361,3,Excessive Head Turn
361,3,Excessive Hand Movement
361,6,Excessive Head Turn
361,6,Excessive Hand Movement
361,18,Excessive Head Turn
361,18,Excessive Hand Movement
361,20,Excessive Head Turn
361,20,Excessive Hand Movement
362,1,Excessive Head Turn
362,1,Excessive Hand Movement
362,3,Excessive Head Turn
362,3,Excessive Hand Movement
362,6,Excessive Head Turn
362,6,Excessive Hand Movement
362,20,Excessive Head Turn
362,20,Excessive Hand Movement
363,1,Excessive Head Turn
363,1,Excessive Hand Movement
363,3,Excessive Head Turn
363,3,Excessive Hand Movement
363,6,Excessive Head Turn
363,6,Excessive Hand Movement
363,18,Excessive Head Turn
363,18,Excessive Hand Movement
363,20,Excessive Head Turn
363,20,Excessive Hand Movement
364,3,Excessive Head Turn
364,3,Excessive Hand Movement
364,6,Excessive Head Turn
364,6,Excessive Hand Movement
364,18,Excessive Head Turn
364,18,Excessive Hand Movement
364,20,Excessive Head Turn
364,20,Excessive Hand Movement
365,1,Excessive Head Turn
365,1,Excessive Hand Movement
365,6,Excessive Head Turn
365,6,Excessive Hand Movement
365,18,Excessive Head Turn
365,18,Excessive Hand Movement
365,20,Excessive Head Turn
365,20,Excessive Hand Movement
366,3,Excessive Head Turn
366,3,Excessive Hand Movement
366,6,Excessive Head Turn
366,6,Excessive Hand Movement
366,18,Excessive Head Turn
366,18,Excessive Hand Movement
366,20,Excessive Head Turn
366,20,Excessive Hand Movement
367,1,Excessive Head Turn
367,1,Excessive Hand Movement
367,6,Excessive Head Turn
367,6,Excessive Hand Movement
367,18,Excessive Head Turn
367,18,Excessive Hand Movement
367,20,Excessive Head Turn
367,20,Excessive Hand Movement
368,3,Excessive Head Turn
368,3,Excessive Hand Movement
368,6,Excessive Head Turn
368,6,Excessive Hand Movement
368,18,Excessive Head Turn
368,18,Excessive Hand Movement
368,20,Excessive Head Turn
368,20,Excessive Hand Movement
369,1,Excessive Head Turn
369,1,Excessive Hand Movement
369,3,Excessive Head Turn
369,3,Excessive Hand Movement
369,6,Excessive Head Turn
369,6,Excessive Hand Movement
369,18,Excessive Head Turn
369,18,Excessive Hand Movement
369,20,Excessive Head Turn
369,20,Excessive Hand Movement
370,1,Excessive Head Turn
370,1,Excessive Hand Movement
370,3,Excessive Head Turn
370,3,Excessive Hand Movement
370,6,Excessive Head Turn
370,6,Excessive Hand Movement
370,18,Excessive Head Turn
370,18,Excessive Hand Movement
371,1,Excessive Head Turn
371,1,Excessive Hand Movement
371,3,Excessive Head Turn
371,3,Excessive Hand Movement
371,18,Excessive Head Turn
371,18,Excessive Hand Movement
372,1,Excessive Head Turn
372,1,Excessive Hand Movement
372,3,Excessive Head Turn
372,3,Excessive Hand Movement
372,6,Excessive Head Turn
372,6,Excessive Hand Movement
372,18,Excessive Head Turn
372,18,Excessive Hand Movement
373,1,Excessive Head Turn
373,1,Excessive Hand Movement
373,3,Excessive Head Turn
373,3,Excessive Hand Movement
373,6,Excessive Head Turn
373,6,Excessive Hand Movement
374,1,Excessive Head Turn
374,1,Excessive Hand Movement
374,3,Excessive Head Turn
374,3,Excessive Hand Movement
374,6,Excessive Head Turn
374,6,Excessive Hand Movement
374,20,Excessive Head Turn
374,20,Excessive Hand Movement
375,1,Excessive Head Turn
375,1,Excessive Hand Movement
375,3,Excessive Head Turn
375,3,Excessive Hand Movement
375,6,Excessive Head Turn
375,6,Excessive Hand Movement
375,20,Excessive Head Turn
375,20,Excessive Hand Movement
376,1,Excessive Head Turn
376,1,Excessive Hand Movement
376,3,Excessive Head Turn
376,3,Excessive Hand Movement
376,6,Excessive Head Turn
376,6,Excessive Hand Movement
376,20,Excessive Head Turn
376,20,Excessive Hand Movement
377,1,Excessive Head Turn
377,1,Excessive Hand Movement
377,3,Excessive Head Turn
377,3,Excessive Hand Movement
377,6,Excessive Head Turn
377,6,Excessive Hand Movement
378,1,Excessive Head Turn
378,1,Excessive Hand Movement
378,3,Excessive Head Turn
378,3,Excessive Hand Movement
378,6,Excessive Head Turn
378,6,Excessive Hand Movement
378,18,Excessive Head Turn
378,18,Excessive Hand Movement
378,20,Excessive Head Turn
378,20,Excessive Hand Movement
379,3,Excessive Head Turn
379,3,Excessive Hand Movement
379,6,Excessive Head Turn
379,6,Excessive Hand Movement
380,1,Excessive Head Turn
380,1,Excessive Hand Movement
380,3,Excessive Head Turn
380,3,Excessive Hand Movement
380,6,Excessive Head Turn
380,6,Excessive Hand Movement
381,1,Excessive Head Turn
381,1,Excessive Hand Movement
381,3,Excessive Head Turn
381,3,Excessive Hand Movement
381,6,Excessive Head Turn
381,6,Excessive Hand Movement
382,1,Excessive Head Turn
382,1,Excessive Hand Movement
382,3,Excessive Head Turn
382,3,Excessive Hand Movement
382,6,Excessive Head Turn
382,6,Excessive Hand Movement
382,18,Excessive Head Turn
382,18,Excessive Hand Movement
382,20,Excessive Head Turn
382,20,Excessive Hand Movement
383,1,Excessive Head Turn
383,1,Excessive Hand Movement
383,3,Excessive Head Turn
383,3,Excessive Hand Movement
383,6,Excessive Head Turn
383,6,Excessive Hand Movement
383,20,Excessive Head Turn
383,20,Excessive Hand Movement
384,1,Excessive Head Turn
384,1,Excessive Hand Movement
384,3,Excessive Head Turn
384,3,Excessive Hand Movement
384,6,Excessive Head Turn
384,6,Excessive Hand Movement
384,18,Excessive Head Turn
384,18,Excessive Hand Movement
384,20,Excessive Head Turn
384,20,Excessive Hand Movement
385,3,Excessive Head Turn
385,3,Excessive Hand Movement
385,6,Excessive Head Turn
385,6,Excessive Hand Movement
385,18,Excessive Head Turn
385,18,Excessive Hand Movement
385,20,Excessive Head Turn
385,20,Excessive Hand Movement
386,1,Excessive Head Turn
386,1,Excessive Hand Movement
386,3,Excessive Head Turn
386,3,Excessive Hand Movement
386,6,Excessive Head Turn
386,6,Excessive Hand Movement
386,18,Excessive Head Turn
386,18,Excessive Hand Movement
386,20,Excessive Head Turn
386,20,Excessive Hand Movement
387,1,Excessive Head Turn
387,1,Excessive Hand Movement
387,3,Excessive Head Turn
387,3,Excessive Hand Movement
387,6,Excessive Head Turn
387,6,Excessive Hand Movement
387,18,Excessive Head Turn
387,18,Excessive Hand Movement
387,20,Excessive Head Turn
387,20,Excessive Hand Movement
388,1,Excessive Head Turn
388,1,Excessive Hand Movement
388,3,Excessive Head Turn
388,3,Excessive Hand Movement
388,6,Excessive Head Turn
388,6,Excessive Hand Movement
388,20,Excessive Head Turn
388,20,Excessive Hand Movement
389,1,Excessive Head Turn
389,1,Excessive Hand Movement
389,3,Excessive Head Turn
389,3,Excessive Hand Movement
389,6,Excessive Head Turn
389,6,Excessive Hand Movement
389,18,Excessive Head Turn
389,18,Excessive Hand Movement
389,20,Excessive Head Turn
389,20,Excessive Hand Movement
390,3,Excessive Head Turn
390,3,Excessive Hand Movement
390,6,Excessive Head Turn
390,6,Excessive Hand Movement
390,18,Excessive Head Turn
390,18,Excessive Hand Movement
390,20,Excessive Head Turn
390,20,Excessive Hand Movement
391,1,Excessive Head Turn
391,1,Excessive Hand Movement
391,3,Excessive Head Turn
391,3,Excessive Hand Movement
391,6,Excessive Head Turn
391,6,Excessive Hand Movement
391,18,Excessive Head Turn
391,18,Excessive Hand Movement
391,20,Excessive Head Turn
391,20,Excessive Hand Movement
392,1,Excessive Head Turn
392,1,Excessive Hand Movement
392,3,Excessive Head Turn
392,3,Excessive Hand Movement
392,6,Excessive Head Turn
392,6,Excessive Hand Movement
392,18,Excessive Head Turn
392,18,Excessive Hand Movement
392,20,Excessive Head Turn
392,20,Excessive Hand Movement
393,1,Excessive Head Turn
393,1,Excessive Hand Movement
393,3,Excessive Head Turn
393,3,Excessive Hand Movement
393,6,Excessive Head Turn
393,6,Excessive Hand Movement
393,18,Excessive Head Turn
393,18,Excessive Hand Movement
393,20,Excessive Head Turn
393,20,Excessive Hand Movement
394,1,Excessive Head Turn
394,1,Excessive Hand Movement
394,3,Excessive Head Turn
394,3,Excessive Hand Movement
394,6,Excessive Head Turn
394,6,Excessive Hand Movement
394,18,Excessive Head Turn
394,18,Excessive Hand Movement
394,20,Excessive Head Turn
394,20,Excessive Hand Movement
395,1,Excessive Head Turn
395,1,Excessive Hand Movement
395,3,Excessive Head Turn
395,3,Excessive Hand Movement
395,6,Excessive Head Turn
395,6,Excessive Hand Movement
395,18,Excessive Head Turn
395,18,Excessive Hand Movement
395,20,Excessive Head Turn
395,20,Excessive Hand Movement
396,3,Excessive Head Turn
396,3,Excessive Hand Movement
396,6,Excessive Head Turn
396,6,Excessive Hand Movement
396,18,Excessive Head Turn
396,18,Excessive Hand Movement
396,20,Excessive Head Turn
396,20,Excessive Hand Movement
397,1,Excessive Head Turn
397,1,Excessive Hand Movement
397,3,Excessive Head Turn
397,3,Excessive Hand Movement
397,6,Excessive Head Turn
397,6,Excessive Hand Movement
397,24,Excessive Hand Movement
398,18,Excessive Head Turn
398,18,Excessive Hand Movement
398,20,Excessive Head Turn
398,20,Excessive Hand Movement
398,24,Excessive Hand Movement
399,18,Excessive Head Turn
399,18,Excessive Hand Movement
399,20,Excessive Head Turn
399,20,Excessive Hand Movement
399,24,Excessive Hand Movement
400,1,Excessive Head Turn
400,1,Excessive Hand Movement
400,3,Excessive Head Turn
400,3,Excessive Hand Movement
400,6,Excessive Head Turn
400,6,Excessive Hand Movement
400,18,Excessive Head Turn
400,18,Excessive Hand Movement
400,20,Excessive Head Turn
400,20,Excessive Hand Movement
400,24,Excessive Hand Movement
401,1,Excessive Head Turn
401,1,Excessive Hand Movement
401,18,Excessive Head Turn
401,18,Excessive Hand Movement
401,20,Excessive Head Turn
401,20,Excessive Hand Movement
401,24,Excessive Hand Movement
402,1,Excessive Head Turn
402,1,Excessive Hand Movement
402,3,Excessive Head Turn
402,3,Excessive Hand Movement
402,6,Excessive Head Turn
402,6,Excessive Hand Movement
402,18,Excessive Head Turn
402,18,Excessive Hand Movement
402,20,Excessive Head Turn
402,20,Excessive Hand Movement
402,24,Excessive Hand Movement
403,1,Excessive Head Turn
403,1,Excessive Hand Movement
403,18,Excessive Head Turn
403,18,Excessive Hand Movement
403,20,Excessive Head Turn
403,20,Excessive Hand Movement
403,24,Excessive Hand Movement
404,1,Excessive Head Turn
404,1,Excessive Hand Movement
404,3,Excessive Head Turn
404,3,Excessive Hand Movement
404,6,Excessive Head Turn
404,6,Excessive Hand Movement
404,18,Excessive Head Turn
404,18,Excessive Hand Movement
404,20,Excessive Head Turn
404,20,Excessive Hand Movement
405,1,Excessive Head Turn
405,1,Excessive Hand Movement
405,3,Excessive Head Turn
405,3,Excessive Hand Movement
405,6,Excessive Head Turn
405,6,Excessive Hand Movement
406,1,Excessive Head Turn
406,1,Excessive Hand Movement
406,3,Excessive Head Turn
406,3,Excessive Hand Movement
406,24,Excessive Hand Movement
407,1,Excessive Head Turn
407,1,Excessive Hand Movement
407,3,Excessive Head Turn
407,3,Excessive Hand Movement
407,6,Excessive Head Turn
407,6,Excessive Hand Movement
407,24,Excessive Hand Movement
408,1,Excessive Head Turn
408,1,Excessive Hand Movement
408,3,Excessive Head Turn
408,3,Excessive Hand Movement
409,1,Excessive Head Turn
409,1,Excessive Hand Movement
409,18,Excessive Head Turn
409,18,Excessive Hand Movement
409,20,Excessive Head Turn
409,20,Excessive Hand Movement
409,24,Excessive Hand Movement
410,1,Excessive Head Turn
410,1,Excessive Hand Movement
410,3,Excessive Head Turn
410,3,Excessive Hand Movement
410,6,Excessive Head Turn
410,6,Excessive Hand Movement
410,18,Excessive Head Turn
410,18,Excessive Hand Movement
410,20,Excessive Head Turn
410,20,Excessive Hand Movement
410,24,Excessive Hand Movement
411,1,Excessive Head Turn
411,1,Excessive Hand Movement
411,3,Excessive Head Turn
411,3,Excessive Hand Movement
411,6,Excessive Head Turn
411,6,Excessive Hand Movement
411,18,Excessive Head Turn
411,18,Excessive Hand Movement
412,1,Excessive Head Turn
412,1,Excessive Hand Movement
412,18,Excessive Head Turn
412,18,Excessive Hand Movement
412,20,Excessive Head Turn
412,20,Excessive Hand Movement
412,24,Excessive Hand Movement
413,1,Excessive Head Turn
413,1,Excessive Hand Movement
413,18,Excessive Head Turn
413,18,Excessive Hand Movement
413,20,Excessive Head Turn
413,20,Excessive Hand Movement
413,24,Excessive Hand Movement
414,1,Excessive Head Turn
414,1,Excessive Hand Movement
414,18,Excessive Head Turn
414,18,Excessive Hand Movement
414,20,Excessive Head Turn
414,20,Excessive Hand Movement
414,24,Excessive Hand Movement
415,1,Excessive Head Turn
415,1,Excessive Hand Movement
415,3,Excessive Head Turn
415,3,Excessive Hand Movement
415,6,Excessive Head Turn
415,6,Excessive Hand Movement
415,24,Excessive Hand Movement
416,18,Excessive Head Turn
416,18,Excessive Hand Movement
416,20,Excessive Head Turn
416,20,Excessive Hand Movement
416,24,Excessive Hand Movement
417,1,Excessive Head Turn
417,1,Excessive Hand Movement
417,3,Excessive Head Turn
417,3,Excessive Hand Movement
417,18,Excessive Head Turn
417,18,Excessive Hand Movement
417,20,Excessive Head Turn
417,20,Excessive Hand Movement
417,24,Excessive Hand Movement
418,1,Excessive Head Turn
418,1,Excessive Hand Movement
418,18,Excessive Head Turn
418,18,Excessive Hand Movement
418,20,Excessive Head Turn
418,20,Excessive Hand Movement
418,24,Excessive Hand Movement
419,1,Excessive Head Turn
419,1,Excessive Hand Movement
419,18,Excessive Head Turn
419,18,Excessive Hand Movement
419,20,Excessive Head Turn
419,20,Excessive Hand Movement
419,24,Excessive Hand Movement
420,1,Excessive Head Turn
420,1,Excessive Hand Movement
420,18,Excessive Head Turn
420,18,Excessive Hand Movement
420,20,Excessive Head Turn
420,20,Excessive Hand Movement
420,24,Excessive Hand Movement
421,1,Excessive Head Turn
421,1,Excessive Hand Movement
421,18,Excessive Head Turn
421,18,Excessive Hand Movement
421,20,Excessive Head Turn
421,20,Excessive Hand Movement
421,24,Excessive Hand Movement
422,1,Excessive Head Turn
422,1,Excessive Hand Movement
422,18,Excessive Head Turn
422,18,Excessive Hand Movement
422,20,Excessive Head Turn
422,20,Excessive Hand Movement
422,24,Excessive Hand Movement
423,1,Excessive Head Turn
423,1,Excessive Hand Movement
423,18,Excessive Head Turn
423,18,Excessive Hand Movement
423,20,Excessive Head Turn
423,20,Excessive Hand Movement
423,24,Excessive Hand Movement
424,1,Excessive Head Turn
424,1,Excessive Hand Movement
424,18,Excessive Head Turn
424,18,Excessive Hand Movement
424,20,Excessive Head Turn
424,20,Excessive Hand Movement
424,24,Excessive Hand Movement
425,1,Excessive Head Turn
425,1,Excessive Hand Movement
425,3,Excessive Head Turn
425,3,Excessive Hand Movement
425,6,Excessive Head Turn
425,6,Excessive Hand Movement
425,18,Excessive Head Turn
425,18,Excessive Hand Movement
426,1,Excessive Head Turn
426,1,Excessive Hand Movement
426,18,Excessive Head Turn
426,18,Excessive Hand Movement
426,20,Excessive Head Turn
426,20,Excessive Hand Movement
427,1,Excessive Head Turn
427,1,Excessive Hand Movement
427,18,Excessive Head Turn
427,18,Excessive Hand Movement
427,20,Excessive Head Turn
427,20,Excessive Hand Movement
428,1,Excessive Head Turn
428,1,Excessive Hand Movement
428,3,Excessive Head Turn
428,3,Excessive Hand Movement
428,6,Excessive Head Turn
428,6,Excessive Hand Movement
428,18,Excessive Head Turn
428,18,Excessive Hand Movement
429,1,Excessive Head Turn
429,1,Excessive Hand Movement
429,6,Excessive Head Turn
429,6,Excessive Hand Movement
429,18,Excessive Head Turn
429,18,Excessive Hand Movement
430,1,Excessive Head Turn
430,1,Excessive Hand Movement
430,18,Excessive Head Turn
430,18,Excessive Hand Movement
430,20,Excessive Head Turn
430,20,Excessive Hand Movement
431,1,Excessive Head Turn
431,1,Excessive Hand Movement
431,18,Excessive Head Turn
431,18,Excessive Hand Movement
431,20,Excessive Head Turn
431,20,Excessive Hand Movement
432,1,Excessive Head Turn
432,1,Excessive Hand Movement
432,18,Excessive Head Turn
432,18,Excessive Hand Movement
432,20,Excessive Head Turn
432,20,Excessive Hand Movement
433,1,Excessive Head Turn
433,1,Excessive Hand Movement
433,3,Excessive Head Turn
433,3,Excessive Hand Movement
433,6,Excessive Head Turn
433,6,Excessive Hand Movement
433,18,Excessive Head Turn
433,18,Excessive Hand Movement
434,1,Excessive Head Turn
434,1,Excessive Hand Movement
434,18,Excessive Head Turn
434,18,Excessive Hand Movement
435,1,Excessive Head Turn
435,1,Excessive Hand Movement
435,18,Excessive Head Turn
435,18,Excessive Hand Movement
436,1,Excessive Head Turn
436,1,Excessive Hand Movement
436,18,Excessive Head Turn
436,18,Excessive Hand Movement
437,1,Excessive Head Turn
437,1,Excessive Hand Movement
437,18,Excessive Head Turn
437,18,Excessive Hand Movement
438,1,Excessive Head Turn
438,1,Excessive Hand Movement
438,18,Excessive Head Turn
438,18,Excessive Hand Movement
439,1,Excessive Head Turn
439,1,Excessive Hand Movement
439,18,Excessive Head Turn
439,18,Excessive Hand Movement
440,6,Excessive Head Turn
440,6,Excessive Hand Movement
440,18,Excessive Head Turn
440,18,Excessive Hand Movement
440,24,Excessive Hand Movement
441,1,Excessive Head Turn
441,1,Excessive Hand Movement
441,18,Excessive Head Turn
441,18,Excessive Hand Movement
442,1,Excessive Head Turn
442,1,Excessive Hand Movement
442,18,Excessive Head Turn
442,18,Excessive Hand Movement
443,1,Excessive Head Turn
443,1,Excessive Hand Movement
443,18,Excessive Head Turn
443,18,Excessive Hand Movement
444,1,Excessive Head Turn
444,1,Excessive Hand Movement
444,18,Excessive Head Turn
444,18,Excessive Hand Movement
445,1,Excessive Head Turn
445,1,Excessive Hand Movement
445,18,Excessive Head Turn
445,18,Excessive Hand Movement
446,1,Excessive Head Turn
446,1,Excessive Hand Movement
446,18,Excessive Head Turn
446,18,Excessive Hand Movement
447,1,Excessive Head Turn
447,1,Excessive Hand Movement
447,18,Excessive Head Turn
447,18,Excessive Hand Movement
448,1,Excessive Head Turn
448,1,Excessive Hand Movement
448,18,Excessive Head Turn
448,18,Excessive Hand Movement
448,24,Excessive Hand Movement
449,1,Excessive Head Turn
449,1,Excessive Hand Movement
449,18,Excessive Head Turn
449,18,Excessive Hand Movement
449,24,Excessive Hand Movement
450,1,Excessive Head Turn
450,1,Excessive Hand Movement
450,18,Excessive Head Turn
450,18,Excessive Hand Movement
450,24,Excessive Hand Movement
451,1,Excessive Head Turn
451,1,Excessive Hand Movement
451,18,Excessive Head Turn
451,18,Excessive Hand Movement
451,24,Excessive Hand Movement
452,1,Excessive Head Turn
452,1,Excessive Hand Movement
452,18,Excessive Head Turn
452,18,Excessive Hand Movement
452,24,Excessive Hand Movement
453,1,Excessive Head Turn
453,1,Excessive Hand Movement
453,18,Excessive Head Turn
453,18,Excessive Hand Movement
453,24,Excessive Hand Movement
454,1,Excessive Head Turn
454,1,Excessive Hand Movement
454,18,Excessive Head Turn
454,18,Excessive Hand Movement
454,24,Excessive Hand Movement
455,1,Excessive Head Turn
455,1,Excessive Hand Movement
455,18,Excessive Head Turn
455,18,Excessive Hand Movement
455,24,Excessive Hand Movement
456,1,Excessive Head Turn
456,1,Excessive Hand Movement
456,18,Excessive Head Turn
456,18,Excessive Hand Movement
456,24,Excessive Hand Movement
457,1,Excessive Head Turn
457,1,Excessive Hand Movement
457,18,Excessive Head Turn
457,18,Excessive Hand Movement
457,24,Excessive Hand Movement
458,1,Excessive Head Turn
458,1,Excessive Hand Movement
458,2,Excessive Head Turn
458,2,Excessive Hand Movement
458,6,Excessive Head Turn
458,6,Excessive Hand Movement
459,1,Excessive Head Turn
459,1,Excessive Hand Movement
459,2,Excessive Head Turn
459,2,Excessive Hand Movement
459,18,Excessive Head Turn
459,18,Excessive Hand Movement
459,24,Excessive Hand Movement
460,1,Excessive Head Turn
460,1,Excessive Hand Movement
460,2,Excessive Head Turn
460,2,Excessive Hand Movement
460,6,Excessive Head Turn
460,6,Excessive Hand Movement
460,24,Excessive Hand Movement
461,1,Excessive Head Turn
461,1,Excessive Hand Movement
461,2,Excessive Head Turn
461,2,Excessive Hand Movement
461,6,Excessive Head Turn
461,6,Excessive Hand Movement
461,24,Excessive Hand Movement
462,1,Excessive Head Turn
462,1,Excessive Hand Movement
462,24,Excessive Hand Movement
463,1,Excessive Head Turn
463,1,Excessive Hand Movement
463,24,Excessive Hand Movement
464,1,Excessive Head Turn
464,1,Excessive Hand Movement
464,24,Excessive Hand Movement
465,1,Excessive Head Turn
465,1,Excessive Hand Movement
465,24,Excessive Hand Movement
466,1,Excessive Head Turn
466,1,Excessive Hand Movement
466,24,Excessive Hand Movement
467,1,Excessive Head Turn
467,1,Excessive Hand Movement
467,24,Excessive Hand Movement
468,1,Excessive Head Turn
468,1,Excessive Hand Movement
468,24,Excessive Hand Movement
469,1,Excessive Head Turn
469,1,Excessive Hand Movement
469,24,Excessive Hand Movement
470,1,Excessive Head Turn
470,1,Excessive Hand Movement
470,24,Excessive Hand Movement
471,1,Excessive Head Turn
471,1,Excessive Hand Movement
471,2,Excessive Head Turn
471,2,Excessive Hand Movement
471,6,Excessive Head Turn
471,6,Excessive Hand Movement
471,24,Excessive Hand Movement
472,1,Excessive Head Turn
472,1,Excessive Hand Movement
472,24,Excessive Hand Movement
473,1,Excessive Head Turn
473,1,Excessive Hand Movement
473,24,Excessive Hand Movement
474,1,Excessive Head Turn
474,1,Excessive Hand Movement
474,24,Excessive Hand Movement
475,24,Excessive Hand Movement
476,1,Excessive Head Turn
476,1,Excessive Hand Movement
476,24,Excessive Hand Movement
477,1,Excessive Head Turn
477,1,Excessive Hand Movement
477,24,Excessive Hand Movement
478,1,Excessive Head Turn
478,1,Excessive Hand Movement
478,24,Excessive Hand Movement
479,1,Excessive Head Turn
479,1,Excessive Hand Movement
479,24,Excessive Hand Movement
480,1,Excessive Head Turn
480,1,Excessive Hand Movement
480,24,Excessive Hand Movement
481,1,Excessive Head Turn
481,1,Excessive Hand Movement
481,24,Excessive Hand Movement
482,1,Excessive Head Turn
482,1,Excessive Hand Movement
482,6,Excessive Head Turn
482,6,Excessive Hand Movement
482,18,Excessive Head Turn
482,18,Excessive Hand Movement
482,24,Excessive Head Turn
482,24,Excessive Hand Movement
483,1,Excessive Head Turn
483,1,Excessive Hand Movement
483,24,Excessive Head Turn
483,24,Excessive Hand Movement
484,1,Excessive Head Turn
484,1,Excessive Hand Movement
484,24,Excessive Head Turn
484,24,Excessive Hand Movement
485,1,Excessive Head Turn
485,1,Excessive Hand Movement
485,24,Excessive Head Turn
485,24,Excessive Hand Movement
486,1,Excessive Head Turn
486,1,Excessive Hand Movement
486,2,Excessive Head Turn
486,2,Excessive Hand Movement
486,6,Excessive Head Turn
486,6,Excessive Hand Movement
486,24,Excessive Head Turn
486,24,Excessive Hand Movement
487,1,Excessive Head Turn
487,1,Excessive Hand Movement
487,24,Excessive Head Turn
487,24,Excessive Hand Movement
488,1,Excessive Head Turn
488,1,Excessive Hand Movement
488,24,Excessive Head Turn
488,24,Excessive Hand Movement
489,1,Excessive Head Turn
489,1,Excessive Hand Movement
489,24,Excessive Head Turn
489,24,Excessive Hand Movement
490,1,Excessive Head Turn
490,1,Excessive Hand Movement
490,24,Excessive Head Turn
490,24,Excessive Hand Movement
491,1,Excessive Head Turn
491,1,Excessive Hand Movement
491,2,Excessive Head Turn
491,2,Excessive Hand Movement
491,6,Excessive Head Turn
491,6,Excessive Hand Movement
491,18,Excessive Head Turn
491,18,Excessive Hand Movement
491,24,Excessive Head Turn
491,24,Excessive Hand Movement
492,1,Excessive Head Turn
492,1,Excessive Hand Movement
492,2,Excessive Head Turn
492,2,Excessive Hand Movement
492,24,Excessive Head Turn
492,24,Excessive Hand Movement
493,1,Excessive Head Turn
493,1,Excessive Hand Movement
493,24,Excessive Head Turn
493,24,Excessive Hand Movement
494,1,Excessive Head Turn
494,1,Excessive Hand Movement
494,24,Excessive Head Turn
494,24,Excessive Hand Movement
495,1,Excessive Head Turn
495,1,Excessive Hand Movement
495,2,Excessive Head Turn
495,2,Excessive Hand Movement
495,6,Excessive Head Turn
495,6,Excessive Hand Movement
495,18,Excessive Head Turn
495,18,Excessive Hand Movement
496,1,Excessive Head Turn
496,1,Excessive Hand Movement
496,2,Excessive Head Turn
496,2,Excessive Hand Movement
496,6,Excessive Head Turn
496,6,Excessive Hand Movement
496,24,Excessive Head Turn
496,24,Excessive Hand Movement
497,1,Excessive Head Turn
497,1,Excessive Hand Movement
497,2,Excessive Head Turn
497,2,Excessive Hand Movement
497,6,Excessive Head Turn
497,6,Excessive Hand Movement
497,24,Excessive Head Turn
497,24,Excessive Hand Movement
