frame,track_id,x1,y1,x2,y2
0,1,1066,433,1644,974
0,2,308,376,647,1065
0,3,499,85,708,657
0,4,1396,309,1651,578
1,1,1068,437,1639,971
1,2,308,378,643,1060
1,3,492,82,703,660
1,4,1393,309,1654,585
2,1,1067,436,1640,973
2,2,307,379,643,1060
2,3,493,82,705,664
2,4,1392,309,1648,578
3,1,1069,436,1639,970
3,2,307,379,642,1061
3,3,488,82,705,677
3,4,1393,307,1649,576
4,1,1069,436,1639,968
4,2,306,379,641,1061
4,3,487,82,704,678
4,4,1400,307,1642,562
5,1,1070,436,1639,967
5,2,306,379,641,1061
5,3,486,82,701,671
5,4,1398,310,1643,568
6,1,1069,437,1637,966
6,2,306,377,641,1061
6,3,483,82,699,674
6,4,1397,311,1641,568
7,1,1068,436,1639,967
7,2,307,377,642,1060
7,3,483,81,698,668
7,4,1398,313,1641,568
8,1,1068,435,1639,966
8,2,306,376,642,1063
8,3,482,81,696,666
8,4,1401,314,1641,564
9,1,1066,435,1638,965
9,2,307,376,641,1060
9,3,482,80,696,668
9,4,1401,314,1642,566
10,1,1063,433,1640,968
10,2,307,377,641,1059
10,3,481,80,695,667
10,4,1403,316,1639,562
11,1,1063,434,1639,968
11,2,308,377,641,1059
11,3,477,79,694,676
11,4,1403,317,1639,562
12,1,1061,434,1639,969
12,2,308,377,641,1058
12,3,475,79,693,683
12,4,1401,318,1637,561
13,1,1060,435,1637,969
13,2,309,379,641,1058
13,3,472,78,691,692
13,4,1397,320,1633,560
14,1,1061,435,1639,969
14,2,311,380,643,1059
14,3,476,79,681,655
14,4,1404,321,1636,557
15,1,1060,435,1639,969
15,2,310,380,643,1059
15,3,479,81,676,633
15,4,1406,321,1639,558
16,1,1060,435,1639,969
16,2,310,381,642,1059
16,3,481,82,675,619
16,4,1409,320,1642,556
17,1,1063,436,1642,970
17,2,310,381,643,1060
17,3,474,81,680,658
17,4,1403,319,1640,558
18,1,1063,438,1642,970
18,2,310,381,643,1060
18,3,478,81,677,638
18,4,1403,319,1646,563
19,1,1063,438,1641,971
19,2,311,382,645,1061
19,3,474,82,671,628
19,4,1402,322,1646,566
20,1,1063,438,1641,971
20,2,311,381,645,1060
20,3,475,83,670,622
20,4,1402,323,1643,563
21,1,1062,438,1644,974
21,2,311,380,646,1060
21,3,475,83,670,620
21,4,1401,324,1642,564
22,1,1063,438,1646,975
22,2,311,379,648,1062
22,3,476,86,672,624
22,4,1401,324,1644,566
23,1,1064,438,1646,976
23,2,312,377,648,1060
23,3,476,86,672,621
23,4,1398,324,1644,568
24,1,1064,438,1645,975
24,2,313,376,650,1060
24,3,476,87,671,620
24,4,1400,323,1648,569
25,1,1061,439,1645,979
25,2,312,374,651,1061
25,3,474,87,672,626
25,4,1401,325,1648,569
26,1,1063,437,1648,980
26,2,312,371,651,1058
26,3,473,87,672,630
26,4,1401,326,1645,567
27,1,1064,437,1647,978
27,2,319,371,660,1058
27,3,474,88,673,627
27,4,1400,324,1646,567
28,1,1069,440,1645,974
28,2,317,371,658,1055
28,3,474,88,672,622
28,4,1401,326,1648,569
29,1,1070,439,1644,971
29,2,315,372,655,1055
29,3,473,88,673,630
29,4,1400,326,1647,570
30,1,1074,441,1644,969
30,2,315,374,655,1056
30,3,472,90,675,638
30,4,1397,326,1647,573
31,1,1076,442,1645,968
31,2,317,376,656,1057
31,3,474,87,672,618
31,4,1392,328,1645,576
32,1,1071,442,1650,978
32,2,318,378,657,1057
32,3,473,87,671,618
32,4,1391,329,1644,577
33,1,1071,444,1653,982
33,2,318,380,657,1058
33,3,477,87,668,595
33,4,1387,328,1644,578
34,1,1075,445,1651,976
34,2,317,381,656,1056
34,3,478,87,667,590
34,4,1390,329,1654,587
35,1,1076,446,1651,975
35,2,316,381,657,1059
35,3,474,86,674,620
35,4,1389,330,1654,589
36,1,1074,444,1655,979
36,2,320,379,665,1060
36,3,480,86,672,593
36,4,1389,330,1655,590
37,1,1076,443,1660,980
37,2,321,382,666,1054
37,3,485,89,669,573
37,4,1395,331,1663,592
38,1,1081,444,1660,976
38,2,320,383,668,1056
38,3,486,89,669,566
38,4,1395,330,1662,591
39,1,1083,443,1664,977
39,2,318,384,669,1058
39,3,486,92,668,560
39,4,1398,330,1664,590
40,1,1084,441,1669,979
40,2,317,384,671,1062
40,3,486,91,670,565
40,4,1403,332,1668,589
41,1,1084,441,1670,979
41,2,318,385,674,1062
41,3,487,91,671,561
41,4,1403,332,1662,584
42,1,1085,441,1672,980
42,2,318,387,674,1059
42,3,485,86,675,567
42,4,1405,332,1664,586
43,1,1085,440,1673,980
43,2,316,388,671,1055
43,3,485,84,677,568
43,4,1405,332,1663,585
43,5,309,390,671,738
44,1,1086,440,1673,981
44,2,318,390,675,1056
44,3,485,84,678,569
44,4,1407,332,1662,582
45,1,1085,440,1673,982
45,2,318,390,678,1058
45,3,485,83,680,569
45,4,1413,332,1663,578
46,1,1084,440,1675,984
46,2,318,391,680,1058
46,3,486,84,681,567
46,4,1417,332,1668,578
47,1,1081,440,1675,986
47,2,318,391,683,1060
47,3,490,86,680,556
47,4,1423,332,1673,578
48,1,1079,439,1674,987
48,2,318,392,685,1061
48,3,490,85,686,564
48,4,1418,332,1667,576
49,1,1080,439,1671,984
49,2,318,392,687,1062
49,3,490,87,687,566
49,4,1417,332,1663,573
50,1,1084,440,1672,980
50,2,316,393,685,1060
50,3,489,86,688,566
50,4,1418,332,1669,576
51,1,1088,440,1674,978
51,2,317,394,686,1058
51,3,490,86,691,566
51,4,1421,332,1677,580
52,1,1091,440,1675,977
52,2,318,395,686,1058
52,3,492,87,693,565
52,4,1425,334,1683,583
53,1,1089,438,1677,979
53,2,318,396,687,1058
53,3,491,87,694,566
53,4,1428,334,1684,581
54,1,1087,438,1677,981
54,2,317,399,686,1058
54,3,492,90,694,564
54,4,1435,336,1685,578
55,1,1086,437,1677,982
55,2,318,400,687,1058
55,3,492,89,697,566
55,4,1437,336,1684,576
56,1,1090,439,1673,977
56,2,318,400,687,1058
56,3,491,89,699,571
56,4,1441,338,1685,576
57,1,1089,439,1673,978
57,2,319,400,689,1057
57,3,493,88,702,571
57,4,1441,339,1688,581
58,1,1090,439,1673,978
58,2,320,403,691,1060
58,3,496,89,703,567
58,4,1441,337,1690,583
59,1,1092,439,1676,978
59,2,321,404,692,1057
59,3,497,89,704,566
59,4,1441,336,1690,584
60,1,1090,438,1679,983
60,2,321,405,693,1056
60,3,497,89,705,567
60,4,1441,335,1691,586
61,1,1091,437,1682,984
61,2,320,406,694,1055
61,3,498,89,705,567
61,4,1441,335,1691,586
62,1,1094,437,1683,983
62,2,320,406,695,1055
62,3,497,91,705,566
62,4,1440,335,1693,588
63,1,1096,437,1687,984
63,2,321,405,698,1055
63,3,500,89,707,566
63,4,1437,333,1694,590
64,1,1099,436,1687,983
64,2,320,405,699,1055
64,3,503,89,709,565
64,4,1437,332,1695,589
65,1,1101,436,1686,979
65,2,319,405,701,1060
65,3,504,89,709,564
65,4,1441,333,1696,586
66,1,1100,435,1686,979
66,2,317,405,702,1062
66,3,505,89,710,564
66,4,1440,334,1696,589
67,1,1104,435,1688,978
67,2,316,406,703,1062
67,3,505,89,710,565
67,4,1441,335,1697,589
68,1,1100,433,1688,981
68,2,318,406,705,1063
68,3,506,89,710,565
68,4,1438,335,1694,588
69,1,1096,429,1688,983
69,2,319,407,705,1062
69,3,507,89,710,565
69,4,1437,334,1695,589
70,1,1096,426,1691,984
70,2,318,408,705,1062
70,3,507,89,710,565
70,4,1434,334,1692,588
71,1,1094,423,1689,984
71,2,317,407,705,1062
71,3,509,89,712,566
71,4,1432,334,1690,587
72,1,1095,420,1693,986
72,2,317,407,706,1063
72,3,509,90,711,567
72,4,1435,336,1692,585
73,1,1096,418,1694,986
73,2,316,406,706,1063
73,3,510,90,712,567
73,4,1436,337,1695,587
74,1,1096,416,1697,989
74,2,316,406,706,1063
74,3,509,90,712,569
74,4,1435,337,1697,588
75,1,1100,416,1694,984
75,2,320,407,709,1063
75,3,510,90,712,567
75,4,1435,339,1698,588
76,1,1099,415,1696,987
76,2,320,407,709,1063
76,3,511,90,712,567
76,4,1433,337,1699,588
77,1,1099,415,1696,988
77,2,322,410,708,1059
77,3,511,91,712,566
77,4,1430,337,1698,589
78,1,1099,415,1692,985
78,2,325,410,711,1057
78,3,510,93,710,566
78,4,1429,337,1699,589
79,1,1101,415,1694,987
79,2,333,412,719,1055
79,3,510,93,709,566
79,4,1428,337,1698,589
80,1,1104,414,1696,988
80,2,337,413,724,1057
80,3,510,93,709,566
80,4,1431,339,1701,589
81,1,1105,415,1695,988
81,2,330,411,720,1056
81,3,510,93,709,566
81,4,1430,338,1702,590
82,1,1108,414,1695,984
82,2,323,412,713,1057
82,3,511,94,709,565
82,4,1430,338,1703,590
83,1,1109,415,1696,986
83,2,320,411,711,1057
83,3,511,94,708,565
83,4,1430,338,1703,590
84,1,1109,413,1696,985
84,2,322,413,713,1059
84,3,511,95,707,564
84,4,1428,338,1703,591
85,1,1112,414,1698,985
85,2,322,414,713,1061
85,3,510,95,706,564
85,4,1426,337,1703,591
86,1,1114,414,1700,985
86,2,324,414,715,1062
86,3,510,94,706,564
86,4,1424,337,1703,592
87,1,1116,415,1702,984
87,2,324,415,715,1063
87,3,510,94,706,564
87,4,1423,337,1702,593
88,1,1116,415,1702,984
88,2,327,415,718,1063
88,3,508,94,704,567
88,4,1424,338,1702,593
89,1,1117,414,1702,984
89,2,327,416,717,1064
89,3,509,96,703,561
89,4,1424,338,1702,593
90,1,1120,415,1707,984
90,2,325,417,714,1064
90,3,508,97,702,560
90,4,1424,338,1702,593
91,1,1121,415,1708,985
91,2,324,416,714,1065
91,3,508,97,702,558
91,4,1422,338,1702,594
92,1,1121,415,1709,985
92,2,326,415,714,1064
92,3,508,98,701,553
92,4,1422,339,1700,594
93,1,1119,415,1708,985
93,2,328,416,716,1064
93,3,508,98,701,551
93,4,1423,339,1698,590
94,1,1119,413,1709,985
94,2,329,417,715,1064
94,3,501,98,703,570
94,4,1424,339,1697,589
95,1,1120,412,1711,985
95,2,329,417,715,1064
95,3,502,98,698,555
95,4,1423,339,1697,590
96,1,1119,411,1712,985
96,2,330,417,716,1065
96,3,501,98,697,550
96,4,1419,339,1698,595
97,1,1119,409,1713,985
97,2,331,418,716,1066
97,3,500,98,695,547
97,4,1419,340,1697,595
98,1,1118,405,1716,986
98,2,332,419,715,1066
98,3,496,98,692,546
98,4,1415,341,1697,600
99,1,1117,404,1717,986
99,2,332,421,714,1066
99,3,493,98,690,544
99,4,1413,341,1694,599
100,1,1117,403,1717,986
100,2,332,421,713,1065
100,3,490,99,689,547
100,4,1411,341,1693,598
101,1,1113,400,1718,989
101,2,333,424,712,1065
101,3,488,99,686,545
101,4,1408,340,1690,596
102,1,1114,397,1719,987
102,2,334,427,712,1065
102,3,486,100,684,543
102,4,1407,340,1688,595
103,1,1111,395,1721,990
103,2,335,428,711,1064
103,3,485,100,682,541
103,4,1405,340,1685,593
104,1,1113,395,1720,987
104,2,335,429,711,1063
104,3,483,101,680,540
104,4,1403,340,1682,591
105,1,1114,394,1719,985
105,2,336,430,711,1063
105,3,481,100,679,539
105,4,1400,340,1680,591
106,1,1114,393,1720,985
106,2,335,431,710,1063
106,3,481,100,679,538
106,4,1400,341,1674,584
107,1,1114,392,1720,985
107,2,334,429,711,1063
107,3,479,101,678,538
107,4,1402,341,1674,582
108,1,1114,392,1718,985
108,2,334,430,710,1063
108,3,476,100,677,538
108,4,1399,341,1679,588
109,1,1114,392,1718,985
109,2,332,425,711,1064
109,3,472,100,676,546
109,4,1396,342,1678,590
110,1,1113,392,1716,985
110,2,332,425,711,1064
110,3,470,100,675,548
110,4,1391,341,1681,594
111,1,1113,391,1717,986
111,2,331,423,711,1064
111,3,469,100,675,549
111,4,1388,341,1680,595
112,1,1113,390,1716,985
112,2,328,422,708,1065
112,3,467,101,674,549
112,4,1388,340,1685,598
113,1,1112,390,1713,985
113,2,328,422,706,1064
113,3,467,100,673,546
113,4,1388,340,1684,595
114,1,1113,390,1714,985
114,2,330,420,708,1063
114,3,465,99,672,549
114,4,1388,341,1685,595
115,1,1112,389,1712,985
115,2,330,420,708,1063
115,3,463,99,673,554
115,4,1387,340,1686,596
116,1,1109,388,1713,989
116,2,330,421,706,1062
116,3,460,100,675,564
116,4,1384,342,1684,598
117,1,1108,387,1713,990
117,2,330,422,706,1063
117,3,456,100,674,568
117,4,1385,341,1684,596
118,1,1108,387,1713,990
118,2,330,421,706,1063
118,3,452,102,668,563
118,4,1383,342,1683,598
119,1,1109,387,1712,991
119,2,332,421,708,1063
119,3,448,103,664,561
119,4,1383,342,1683,597
120,1,1110,387,1712,991
120,2,333,420,708,1063
120,3,447,103,663,557
120,4,1384,340,1684,597
121,1,1110,387,1710,990
121,2,332,420,707,1063
121,3,445,103,662,555
121,4,1383,340,1684,597
122,1,1111,387,1708,989
122,2,332,421,705,1060
122,3,447,103,668,563
122,4,1382,340,1683,597
123,1,1112,389,1710,990
123,2,332,421,704,1058
123,3,444,103,668,568
123,4,1383,339,1684,596
124,1,1113,389,1709,990
124,2,334,421,706,1058
124,3,444,103,664,558
124,4,1383,339,1683,595
125,1,1114,390,1709,990
125,2,334,421,706,1057
125,3,444,101,665,557
125,4,1382,338,1684,595
126,1,1114,390,1707,989
126,2,331,424,704,1061
126,3,446,101,664,547
126,4,1382,338,1684,595
127,1,1114,390,1706,989
127,2,330,430,701,1061
127,3,449,100,668,547
127,4,1383,337,1684,595
128,1,1114,390,1707,990
128,2,329,429,701,1063
128,3,450,100,672,557
128,4,1385,337,1685,595
129,1,1115,390,1707,990
129,2,326,427,698,1063
129,3,452,100,671,553
129,4,1386,337,1685,594
130,1,1115,390,1708,990
130,2,327,427,700,1064
130,3,455,101,668,545
130,4,1387,337,1684,592
131,1,1112,390,1706,991
131,2,328,427,701,1064
131,3,459,99,669,537
131,4,1388,338,1682,591
132,1,1114,389,1707,990
132,2,328,428,702,1065
132,3,462,101,670,536
132,4,1387,338,1678,589
133,1,1115,389,1706,989
133,2,328,427,703,1065
133,3,463,103,674,544
133,4,1386,338,1674,586
134,1,1116,389,1706,988
134,2,326,427,701,1065
134,3,463,104,677,551
134,4,1386,337,1672,584
135,1,1116,389,1706,988
135,2,325,425,701,1064
135,3,467,103,680,551
135,4,1385,337,1672,585
136,1,1116,389,1706,987
136,2,325,423,703,1064
136,3,469,105,684,557
136,4,1385,337,1673,586
137,1,1120,390,1706,984
137,2,325,424,703,1065
137,3,473,105,693,568
137,4,1384,337,1670,585
138,1,1121,391,1706,983
138,2,325,427,702,1065
138,3,476,107,700,578
138,4,1381,337,1669,586
139,1,1117,391,1705,985
139,2,325,429,701,1063
139,3,478,107,706,587
139,4,1379,337,1667,586
140,1,1119,391,1705,983
140,2,325,427,702,1063
140,3,479,107,712,599
140,4,1381,336,1667,584
141,1,1120,392,1705,982
141,2,326,427,704,1063
141,3,480,106,719,612
141,4,1381,336,1668,585
142,1,1119,392,1703,981
142,2,326,427,705,1064
142,3,479,105,729,640
142,4,1382,337,1668,585
143,1,1117,391,1703,981
143,2,325,426,704,1063
143,3,481,104,741,664
143,4,1383,338,1667,584
144,1,1116,391,1703,982
144,2,325,423,706,1063
144,3,490,102,751,669
144,4,1381,338,1666,586
145,1,1115,392,1702,982
145,2,322,424,704,1065
145,3,498,101,757,669
145,4,1379,338,1665,587
146,1,1116,392,1702,981
146,2,321,426,703,1065
146,3,502,99,761,670
146,4,1380,339,1664,586
147,1,1116,392,1702,980
147,2,322,426,703,1064
147,3,508,98,767,672
147,4,1381,339,1663,585
148,1,1115,392,1703,981
148,2,322,425,703,1064
148,3,515,97,772,672
148,4,1380,338,1662,585
148,6,524,99,768,437
149,1,1114,392,1703,981
149,2,322,425,703,1064
149,3,521,96,778,674
149,4,1381,337,1663,585
150,1,1111,391,1699,980
150,2,321,424,704,1064
150,3,524,95,780,674
150,4,1381,337,1661,584
150,7,534,98,760,428
151,1,1108,391,1694,980
151,2,320,422,703,1064
151,3,525,93,779,673
151,4,1381,337,1660,583
152,1,1105,391,1689,979
152,2,323,422,707,1064
152,3,533,92,787,671
152,4,1381,337,1660,584
153,1,1108,392,1690,978
153,2,328,421,712,1063
153,3,540,93,795,678
153,4,1382,338,1661,584
154,1,1108,392,1689,978
154,2,325,421,710,1064
154,3,544,92,800,680
154,4,1383,339,1660,584
155,1,1107,392,1687,978
155,2,327,423,711,1062
155,3,547,92,803,684
155,4,1382,338,1659,583
156,1,1106,394,1683,977
156,2,326,423,711,1062
156,3,549,91,806,688
156,4,1385,340,1660,583
157,1,1106,396,1679,976
157,2,326,422,712,1062
157,3,554,92,809,686
157,4,1387,340,1661,583
158,1,1107,398,1676,975
158,2,325,423,713,1062
158,3,559,94,811,681
158,4,1389,339,1663,583
159,1,1106,403,1672,977
159,2,320,423,709,1062
159,3,560,95,813,685
159,4,1390,339,1663,582
159,8,564,97,812,1034
160,1,1107,406,1670,978
160,2,322,423,711,1061
160,3,564,94,815,680
160,4,1395,339,1667,582
161,1,1107,408,1669,980
161,2,327,423,717,1058
161,3,565,96,816,682
161,4,1398,337,1668,582
162,1,1109,409,1669,980
162,2,335,423,728,1059
162,3,566,99,815,681
162,4,1399,337,1667,581
162,9,569,98,812,1010
163,1,1111,411,1670,980
163,2,340,425,736,1058
163,3,568,101,818,685
163,4,1399,336,1666,581
163,9,574,98,812,992
164,1,1114,413,1670,978
164,2,343,426,744,1061
164,3,572,103,817,676
164,4,1403,337,1665,579
164,9,581,100,806,938
165,1,1116,415,1670,976
165,2,345,424,753,1063
165,3,575,105,818,673
165,4,1408,337,1667,579
166,1,1119,416,1671,976
166,2,348,428,756,1061
166,3,578,106,823,677
166,4,1410,336,1666,578
167,1,1120,419,1669,975
167,2,344,430,755,1063
167,3,586,106,829,669
167,4,1411,336,1666,580
167,10,580,106,836,1022
168,1,1119,421,1669,976
168,2,346,428,758,1060
168,3,590,107,832,668
168,4,1415,338,1664,577
168,10,580,108,835,1019
169,1,1119,424,1666,976
169,2,348,431,760,1056
169,3,590,111,834,676
169,4,1413,339,1663,581
169,10,583,109,838,1019
170,1,1120,428,1664,975
170,2,342,430,761,1061
170,3,593,112,837,677
170,4,1412,341,1660,582
170,10,589,109,844,1019
171,1,1123,433,1663,974
171,2,340,430,763,1063
171,3,598,111,844,674
171,4,1412,341,1659,582
171,10,604,112,837,939
172,1,1121,435,1659,974
172,2,337,430,765,1063
172,3,599,112,845,672
172,4,1411,339,1659,583
172,10,599,114,842,974
173,1,1120,439,1657,975
173,2,336,429,769,1063
173,3,600,110,845,666
173,4,1412,339,1657,583
173,10,603,116,843,966
174,1,1119,440,1657,975
174,2,327,429,760,1064
174,3,603,111,848,665
174,4,1412,339,1655,582
174,10,595,115,847,1004
175,1,1119,440,1658,976
175,2,329,426,768,1064
175,3,606,111,850,664
175,4,1412,340,1652,582
175,10,597,118,851,1014
176,1,1119,441,1659,977
176,2,309,426,743,1062
176,4,1410,340,1651,584
176,10,597,118,853,1017
177,1,1117,441,1659,978
177,2,322,427,758,1062
177,4,1410,340,1650,584
177,10,602,118,858,1019
178,1,1116,441,1659,979
178,2,328,428,764,1058
178,4,1409,340,1648,584
178,10,605,123,860,1021
179,1,1116,441,1661,980
179,2,332,426,771,1056
179,3,621,126,860,661
179,4,1410,339,1647,582
179,10,610,126,865,1021
180,1,1116,441,1662,979
180,2,330,425,773,1056
180,3,623,129,863,664
180,4,1410,337,1647,582
180,10,614,126,869,1023
181,1,1114,440,1661,980
181,2,327,424,774,1057
181,3,626,131,865,664
181,4,1410,336,1646,581
181,10,617,130,871,1023
182,1,1113,439,1662,980
182,2,323,424,771,1056
182,3,629,132,868,663
182,4,1411,338,1643,579
182,10,618,136,871,1023
183,1,1111,436,1664,981
183,2,283,422,724,1060
183,4,1412,338,1641,577
183,10,618,139,871,1022
184,1,1110,434,1666,981
184,2,277,425,708,1062
184,4,1413,338,1640,577
184,10,619,142,872,1027
185,1,1107,428,1668,981
185,2,284,426,708,1062
185,4,1412,336,1639,575
185,10,619,148,870,1018
186,1,1104,424,1670,982
186,2,283,426,701,1061
186,4,1411,335,1638,575
186,10,621,151,869,1009
187,1,1103,420,1671,981
187,2,285,427,697,1059
187,4,1410,336,1636,575
187,10,619,150,870,1016
188,1,1101,416,1672,981
188,2,281,425,689,1061
188,4,1405,337,1633,578
188,10,616,153,870,1023
189,1,1102,415,1672,979
189,2,281,425,686,1061
189,4,1401,336,1631,580
189,10,616,155,871,1026
190,1,1101,412,1672,977
190,2,310,425,719,1061
190,4,1397,338,1626,578
190,10,616,156,870,1024
191,1,1100,408,1674,977
191,2,277,425,678,1062
191,4,1392,338,1619,574
191,10,615,158,871,1025
192,1,1098,404,1676,979
192,2,272,424,665,1060
192,4,1387,337,1612,570
192,10,614,158,869,1022
193,1,1098,402,1677,979
193,2,296,425,687,1058
193,4,1379,335,1603,567
193,10,613,158,869,1019
194,1,1099,399,1677,976
194,2,308,425,701,1058
194,4,1374,335,1599,565
194,10,613,156,870,1017
195,1,1097,396,1677,976
195,2,296,423,687,1059
195,4,1372,334,1601,567
195,10,612,153,871,1017
196,1,1095,395,1679,979
196,2,293,422,681,1059
196,4,1369,334,1602,570
196,10,611,151,872,1020
197,1,1095,395,1679,981
197,2,299,421,686,1060
197,4,1364,333,1599,569
197,10,610,148,873,1020
198,1,1096,394,1680,982
198,2,323,421,713,1056
198,4,1362,333,1600,571
198,10,610,145,873,1018
199,1,1097,394,1679,980
199,2,338,420,733,1050
199,4,1361,333,1603,572
199,10,611,143,875,1017
200,1,1096,392,1679,980
200,2,340,419,740,1048
200,4,1362,333,1608,574
200,10,609,142,874,1016
201,1,1095,390,1677,981
201,2,306,419,706,1055
201,4,1362,333,1609,572
201,10,608,142,874,1016
202,1,1096,390,1677,980
202,2,295,418,693,1057
202,4,1360,331,1611,570
202,10,608,142,874,1017
203,1,1098,390,1675,978
203,2,312,417,711,1054
203,4,1359,333,1612,571
203,10,610,142,877,1017
204,1,1098,390,1675,978
204,2,303,416,704,1059
204,4,1360,335,1611,569
204,10,611,142,878,1017
205,1,1099,390,1675,979
205,2,301,418,699,1062
205,4,1360,335,1613,569
205,10,613,142,880,1017
206,1,1100,390,1674,979
206,2,307,419,705,1061
206,4,1357,334,1616,572
206,10,615,145,882,1018
207,1,1100,390,1675,980
207,2,321,419,721,1058
207,4,1357,336,1615,572
207,10,617,148,883,1018
208,1,1099,391,1673,981
208,2,310,417,711,1061
208,4,1358,337,1616,571
208,10,618,149,883,1017
209,1,1099,392,1673,981
209,2,302,417,702,1062
209,4,1358,337,1616,569
209,10,618,150,884,1017
210,1,1101,393,1673,981
210,2,301,416,700,1064
210,4,1359,337,1620,573
210,10,620,150,886,1018
211,1,1103,395,1672,980
211,2,308,417,706,1063
211,4,1360,336,1625,576
211,10,623,149,891,1020
212,1,1105,396,1673,980
212,2,314,417,713,1060
212,4,1357,333,1628,578
212,10,625,147,894,1019
213,1,1108,398,1673,979
213,2,331,418,733,1055
213,4,1358,331,1632,579
213,10,626,147,895,1018
214,1,1112,401,1672,976
214,2,337,418,743,1053
214,4,1361,331,1636,582
214,10,632,143,903,1019
215,1,1114,404,1671,975
215,2,339,418,751,1052
215,4,1368,332,1639,581
215,10,636,143,907,1018
216,1,1117,405,1672,973
216,2,337,417,758,1055
216,4,1373,332,1641,580
216,10,635,140,907,1012
217,1,1116,405,1673,974
217,2,333,417,760,1056
217,4,1377,332,1641,579
217,10,636,139,909,1010
218,1,1116,404,1675,974
218,2,334,417,766,1056
218,4,1381,332,1639,578
218,10,636,139,911,1008
219,1,1117,404,1677,974
219,2,329,416,766,1057
219,4,1385,332,1639,577
219,10,636,140,914,1010
220,1,1119,406,1679,974
220,2,310,417,744,1057
220,4,1387,332,1638,577
220,10,637,141,915,1007
221,1,1121,408,1680,974
221,2,308,415,744,1059
221,4,1389,332,1638,576
221,10,637,141,916,1004
222,1,1123,410,1680,972
222,2,314,416,751,1059
222,4,1388,331,1636,576
222,10,642,138,919,992
223,1,1124,412,1680,972
223,2,305,416,741,1059
223,4,1389,331,1635,576
223,10,645,137,922,986
224,1,1123,413,1681,974
224,2,307,415,741,1058
224,4,1390,330,1633,574
224,10,649,136,928,990
225,1,1124,414,1682,973
225,2,301,415,732,1058
225,4,1391,331,1631,573
225,10,651,136,932,986
226,1,1126,418,1682,973
226,2,297,415,725,1057
226,4,1392,331,1630,573
226,10,654,132,940,994
227,1,1126,420,1682,974
227,2,312,414,745,1058
227,4,1390,331,1627,573
227,10,658,131,947,1003
228,1,1127,423,1683,976
228,2,320,415,753,1056
228,4,1390,331,1627,573
228,10,662,132,953,1007
229,1,1127,425,1684,977
229,2,303,411,738,1057
229,4,1387,327,1610,558
229,10,668,133,957,993
230,1,1128,427,1684,977
230,2,306,409,744,1060
230,4,1387,327,1608,556
230,10,670,133,961,996
231,1,1121,408,1693,975
231,2,313,409,754,1060
231,4,1386,327,1607,554
231,10,667,132,959,999
232,1,1130,426,1687,976
232,2,312,409,754,1061
232,10,671,131,962,997
233,1,1132,433,1684,978
233,2,289,408,729,1062
233,10,680,132,960,964
234,1,1130,424,1691,977
234,2,282,407,719,1063
234,10,681,131,967,985
235,1,1132,435,1685,978
235,2,292,408,727,1063
235,10,690,132,976,987
236,1,1134,441,1683,978
236,2,295,409,729,1063
236,10,695,133,982,994
236,11,1293,328,1621,576
237,1,1132,439,1684,979
237,2,301,409,734,1062
237,10,710,133,988,966
238,1,1135,443,1683,977
238,2,298,407,730,1061
238,4,1340,329,1587,572
238,10,724,130,995,944
239,1,1135,447,1682,979
239,2,301,405,733,1058
239,4,1337,329,1584,573
239,10,731,132,1009,973
240,1,1136,450,1683,980
240,2,287,405,715,1060
240,4,1328,328,1589,575
240,10,737,131,1020,993
241,1,1136,454,1682,981
241,2,281,402,705,1058
241,4,1328,329,1593,574
241,10,746,129,1029,990
242,1,1139,454,1683,979
242,2,279,400,701,1057
242,4,1325,329,1591,574
242,10,744,128,1036,1018
243,1,1140,460,1681,979
243,2,287,398,706,1055
243,4,1312,331,1575,567
243,10,762,127,1050,1009
244,1,1141,461,1680,977
244,2,284,397,701,1055
244,4,1317,331,1587,569
244,10,767,127,1061,1027
245,1,1143,464,1681,976
245,2,283,397,698,1059
245,4,1310,330,1587,569
245,10,786,125,1075,1008
246,1,1143,467,1682,977
246,2,282,395,696,1059
246,4,1307,330,1584,569
246,10,794,122,1083,1008
247,1,1144,469,1680,975
247,2,282,395,693,1060
247,4,1305,330,1582,569
247,10,803,121,1091,1003
248,1,1143,472,1679,974
248,2,282,394,691,1060
248,10,811,117,1097,987
249,1,1142,473,1677,973
249,2,284,393,691,1059
249,10,805,114,1091,976
250,1,1140,474,1677,973
250,2,287,393,691,1058
250,10,812,111,1097,957
251,1,1141,478,1676,973
251,2,286,392,690,1060
251,4,1290,329,1573,566
251,10,819,108,1105,949
252,1,1141,479,1679,975
252,2,286,392,690,1062
252,4,1286,330,1574,565
252,10,834,106,1119,944
253,1,1141,480,1678,974
253,2,284,391,687,1062
253,4,1283,330,1575,565
253,10,849,104,1126,920
254,1,1144,483,1678,972
254,2,281,388,685,1063
254,4,1281,329,1578,564
254,10,859,105,1136,919
255,1,1148,485,1675,964
255,2,283,388,683,1059
255,4,1281,329,1583,566
255,10,866,105,1141,915
256,1,1145,485,1676,967
256,2,283,387,681,1057
256,3,878,107,1136,661
256,4,1277,329,1582,566
256,10,874,104,1148,909
257,1,1144,485,1679,969
257,2,283,387,678,1056
257,3,881,106,1140,662
257,4,1275,329,1582,565
257,10,866,103,1167,1000
258,1,1141,485,1679,970
258,2,284,387,679,1057
258,3,885,105,1144,662
258,4,1271,329,1581,565
258,10,870,102,1171,1007
259,1,1150,485,1681,964
259,2,283,386,678,1057
259,4,1269,329,1582,565
259,10,875,102,1172,1006
260,1,1154,487,1681,961
260,2,281,385,677,1059
260,4,1266,328,1583,565
260,10,884,100,1162,944
261,1,1152,487,1679,959
261,2,282,385,677,1060
261,4,1264,329,1584,566
261,10,886,101,1163,938
262,1,1151,485,1677,956
262,2,281,383,675,1060
262,4,1261,328,1585,566
262,10,884,102,1164,953
263,1,1148,485,1676,957
263,2,281,382,674,1061
263,3,897,104,1160,659
263,4,1256,326,1586,567
263,10,889,101,1169,952
264,1,1134,484,1671,963
264,2,279,380,673,1062
264,3,900,104,1164,654
264,4,1255,328,1586,568
264,10,894,101,1173,952
265,1,1126,487,1669,969
265,2,276,381,670,1064
265,3,898,105,1169,657
265,4,1251,327,1584,568
266,1,1122,485,1668,970
266,2,276,381,669,1064
266,3,902,106,1176,654
266,4,1249,327,1584,569
267,1,1120,486,1669,971
267,2,277,380,669,1063
267,3,903,109,1182,653
267,4,1248,326,1583,569
267,10,902,108,1189,967
268,1,1119,486,1669,970
268,2,277,378,669,1063
268,3,904,111,1184,649
268,4,1246,326,1582,569
268,10,907,108,1193,968
269,1,1116,486,1668,971
269,2,278,379,669,1063
269,3,906,111,1190,648
269,10,911,108,1198,969
270,1,1115,486,1670,972
270,2,277,379,667,1063
270,3,907,115,1195,650
271,1,1115,486,1670,972
271,2,274,376,664,1062
271,3,906,120,1200,656
272,1,1108,487,1670,979
272,2,271,376,659,1060
272,3,912,117,1211,652
273,1,1113,486,1656,957
273,2,271,375,658,1060
273,3,911,114,1215,651
274,1,1060,485,1622,961
274,2,272,375,658,1058
274,3,929,112,1236,644
275,1,1091,485,1648,955
275,2,272,373,657,1058
275,3,926,109,1250,657
276,1,1093,484,1668,970
276,2,272,372,657,1058
276,3,924,107,1262,666
276,4,1263,326,1589,565
277,1,1095,482,1674,973
277,2,269,371,657,1062
277,3,927,106,1272,664
277,4,1264,326,1589,564
278,1,1096,482,1675,973
278,2,268,371,656,1063
278,3,944,103,1292,656
278,4,1268,326,1588,564
279,1,1097,482,1673,972
279,2,268,370,656,1063
279,3,953,101,1304,652
279,4,1269,326,1589,563
280,1,1098,483,1672,971
280,2,267,370,655,1064
280,3,960,102,1311,645
280,4,1269,326,1589,563
281,1,1097,484,1672,974
281,2,268,369,655,1063
281,3,974,104,1323,644
282,1,1096,484,1670,974
282,2,267,371,654,1065
282,3,989,101,1338,642
283,1,1095,484,1668,974
283,2,265,369,653,1065
283,3,998,97,1350,646
284,1,1093,486,1663,973
284,2,262,369,648,1065
284,3,1012,95,1362,645
285,1,1091,484,1663,973
285,2,262,370,648,1066
285,3,1023,93,1367,640
286,1,1088,480,1664,973
286,2,259,370,644,1066
286,3,1040,90,1374,624
287,1,1062,433,1683,973
287,2,259,370,643,1066
287,3,1053,87,1382,620
288,1,1060,424,1689,976
288,2,258,370,641,1066
288,3,1108,84,1445,615
289,1,1078,457,1668,975
289,2,254,370,637,1066
289,3,1088,84,1417,614
290,1,1085,471,1657,973
290,2,251,369,634,1066
290,3,1106,85,1433,612
291,1,1086,475,1652,972
291,2,249,367,632,1067
291,3,1135,83,1466,606
291,12,1113,86,1379,614
292,1,1079,465,1654,972
292,2,246,367,630,1067
292,3,1147,84,1487,611
293,1,1084,473,1646,968
293,2,245,367,628,1066
293,3,1135,85,1476,612
294,1,1083,477,1641,968
294,2,243,363,628,1064
294,3,1133,84,1475,612
295,1,1075,471,1640,969
295,2,239,362,625,1064
295,3,1137,86,1477,608
296,1,948,219,1761,967
296,2,237,364,622,1064
296,3,1146,86,1485,606
297,1,1018,357,1686,969
297,2,235,360,624,1064
297,3,1163,87,1496,591
298,1,1052,436,1640,971
298,2,232,358,619,1062
298,3,1173,87,1504,588
299,1,1060,463,1625,975
299,2,228,358,615,1063
299,3,1192,93,1510,570
300,1,1058,470,1619,977
300,2,228,356,618,1063
300,3,1201,95,1514,566
301,1,1057,474,1616,977
301,2,227,355,618,1063
301,3,1212,96,1516,555
302,1,1051,472,1615,979
302,2,221,357,611,1063
302,3,1208,95,1500,543
303,1,1050,474,1612,978
303,2,213,354,602,1061
303,3,1206,95,1498,545
304,1,1048,474,1609,978
304,2,208,354,596,1061
304,3,1213,95,1500,541
305,1,1045,474,1606,978
305,2,206,351,595,1062
305,3,1223,93,1514,548
306,1,1041,476,1603,981
306,2,202,349,591,1062
306,3,1235,91,1529,555
307,1,1038,479,1597,980
307,2,199,348,588,1062
307,3,1244,91,1546,569
308,1,1033,477,1592,979
308,2,193,348,581,1062
308,3,1224,93,1559,634
309,1,1032,476,1584,970
309,2,187,348,574,1062
309,3,1220,93,1564,662
310,1,1029,477,1577,968
310,2,181,349,569,1063
310,3,1226,92,1564,662
311,1,1024,480,1573,969
311,2,179,348,570,1064
311,3,1240,92,1560,636
312,1,1016,479,1570,974
312,2,176,349,564,1064
312,3,1244,92,1567,641
313,1,1009,476,1566,973
313,2,164,348,552,1065
313,3,1280,86,1602,630
314,1,1002,474,1559,971
314,2,154,348,542,1063
314,3,1289,86,1624,650
315,1,997,472,1555,969
315,2,150,348,538,1063
315,3,1285,84,1633,674
316,1,992,472,1550,969
316,2,141,347,529,1061
316,3,1298,83,1643,669
317,1,988,473,1544,969
317,2,132,345,521,1061
317,3,1292,85,1658,715
318,1,984,474,1535,964
318,2,124,345,512,1058
318,3,1291,86,1664,732
318,13,1098,319,1316,554
319,1,977,473,1529,965
319,2,127,345,520,1060
319,3,1292,89,1665,741
319,13,1095,319,1312,552
320,1,967,473,1524,968
320,2,112,344,507,1062
320,3,1293,93,1661,740
320,4,1061,318,1347,552
321,1,959,472,1519,970
321,2,101,342,495,1057
321,3,1296,97,1659,742
321,4,1064,317,1338,554
322,1,956,474,1512,969
322,2,92,339,487,1056
322,3,1297,100,1658,747
322,4,1058,317,1332,554
323,1,951,476,1506,969
323,2,83,339,479,1057
323,3,1299,104,1656,752
323,4,1070,319,1349,554
324,1,943,477,1498,970
324,2,69,338,467,1061
324,3,1300,108,1655,759
324,4,1067,319,1346,554
325,1,932,477,1484,968
325,2,65,338,463,1062
325,3,1303,113,1657,771
325,4,1064,319,1342,554
326,1,922,475,1471,964
326,2,52,340,448,1060
326,3,1304,118,1651,770
327,1,910,475,1456,965
327,2,46,341,444,1062
327,3,1294,124,1635,774
328,1,908,475,1455,966
328,2,35,342,433,1061
328,3,1297,129,1636,781
328,4,1037,320,1311,552
329,1,905,475,1455,969
329,2,24,341,424,1059
329,3,1294,135,1633,796
329,4,1032,321,1305,551
330,1,901,475,1450,967
330,2,16,342,415,1058
330,3,1293,144,1623,793
330,4,1028,321,1300,551
331,1,895,475,1444,968
331,2,18,342,417,1056
331,3,1296,153,1618,790
331,4,1013,317,1291,554
332,1,857,473,1396,968
332,2,9,343,409,1054
332,3,1297,160,1615,790
332,4,1008,319,1290,557
333,1,870,471,1410,966
333,2,3,343,403,1052
333,3,1299,165,1613,785
333,4,1001,319,1281,556
334,1,837,471,1364,964
334,2,0,343,399,1051
334,3,1284,170,1619,833
334,4,989,318,1264,553
335,1,828,471,1350,967
335,2,-4,344,396,1054
335,3,1263,176,1622,892
335,4,978,319,1252,555
336,1,828,470,1345,968
336,2,-8,344,392,1058
336,3,1250,181,1617,914
336,4,974,318,1247,553
337,1,851,471,1372,970
337,2,-10,343,390,1059
337,3,1272,186,1602,839
337,4,971,318,1243,551
338,1,850,473,1367,968
338,2,-11,343,387,1061
338,3,1277,187,1593,805
338,4,961,317,1238,555
339,1,846,472,1363,968
339,2,-14,344,381,1061
339,3,1269,188,1584,798
339,4,955,319,1235,559
340,1,810,473,1313,966
340,2,-16,343,376,1061
340,3,1252,192,1586,834
340,4,952,318,1227,554
341,1,797,475,1291,968
341,2,-17,343,372,1061
341,3,1228,194,1586,881
341,4,946,318,1221,554
342,1,795,475,1279,963
342,2,-19,342,366,1060
342,3,1218,194,1579,881
342,4,941,319,1212,550
343,1,817,472,1312,967
343,2,-21,342,359,1061
343,3,1244,194,1582,836
343,4,935,320,1206,551
344,1,788,471,1276,967
344,2,-23,342,352,1061
344,3,1216,197,1570,860
344,4,928,320,1200,551
345,1,776,466,1260,967
345,2,-24,344,345,1061
345,3,1193,198,1569,902
345,4,922,320,1193,550
346,1,805,465,1292,967
346,2,-23,344,341,1060
346,3,1232,199,1574,840
347,1,769,439,1279,973
347,2,-23,343,334,1054
347,3,1198,199,1562,880
348,1,765,456,1247,969
348,2,-23,343,328,1053
348,3,1183,200,1554,889
349,1,770,457,1249,970
349,2,-24,343,323,1055
349,3,1178,199,1544,873
350,1,790,459,1271,970
350,2,-23,343,318,1053
350,3,1179,198,1527,830
350,4,890,319,1160,549
350,10,1184,196,1524,1054
351,1,796,460,1279,969
351,2,-23,344,313,1052
351,3,1161,197,1525,851
351,4,889,319,1160,547
351,10,1187,198,1528,1056
351,14,1752,351,1919,993
352,1,797,460,1286,970
352,2,-24,344,307,1052
352,3,1150,198,1525,867
352,4,886,320,1157,546
352,10,1191,199,1531,1057
352,14,1752,351,1918,992
353,1,795,459,1286,968
353,2,-23,345,303,1053
353,3,1141,200,1520,871
353,4,881,320,1151,545
353,15,0,347,274,762
354,1,756,463,1237,970
354,2,-24,344,298,1054
354,3,1134,200,1517,874
354,4,868,314,1151,550
354,16,1737,349,1919,984
355,1,774,463,1262,972
355,2,-24,345,292,1055
355,3,1121,200,1530,924
355,4,862,314,1146,550
355,16,1738,346,1918,975
356,1,744,463,1228,973
356,2,-23,345,289,1053
356,3,1125,199,1523,902
356,4,856,313,1140,550
356,16,1707,338,1891,973
357,1,724,464,1198,973
357,2,-24,345,282,1054
357,3,1122,197,1513,883
357,4,846,317,1119,546
357,16,1720,337,1898,951
357,17,0,346,248,762
358,1,714,458,1186,972
358,2,-25,345,275,1053
358,3,1134,197,1509,854
358,4,842,317,1115,546
358,16,1720,338,1901,958
359,1,717,461,1179,971
359,2,-26,343,271,1058
359,3,1143,194,1505,824
359,4,841,317,1113,545
359,16,1712,339,1896,959
360,1,703,458,1162,973
360,2,-28,343,264,1058
360,3,1123,188,1519,879
360,4,836,316,1111,546
360,16,1708,338,1895,961
361,1,701,461,1153,976
361,2,-29,343,259,1064
361,3,1119,184,1524,897
361,4,835,317,1109,546
361,16,1691,336,1885,963
361,18,0,344,226,761
362,1,708,461,1157,975
362,2,-29,340,252,1061
362,3,1124,179,1534,903
362,4,828,317,1102,546
362,16,1685,335,1884,962
363,1,740,461,1197,973
363,2,-28,339,248,1060
363,3,1133,175,1552,913
363,4,824,315,1100,545
363,16,1680,335,1884,963
364,1,744,455,1212,972
364,2,-28,336,243,1061
364,3,1152,171,1525,818
364,4,818,315,1095,546
364,16,1681,336,1889,963
364,19,1141,170,1580,952
365,1,741,450,1220,974
365,2,1,333,205,864
365,3,1159,167,1515,779
365,4,803,313,1081,547
365,16,1684,339,1893,956
366,1,734,449,1218,971
366,2,9,324,188,781
366,3,1158,165,1509,768
366,4,799,313,1073,547
366,16,1682,341,1894,956
366,20,0,325,201,1061
367,1,724,446,1220,978
367,2,8,315,183,760
367,3,1155,163,1501,758
367,4,792,313,1063,546
367,16,1678,341,1894,958
367,20,-1,318,200,1060
368,1,715,442,1221,981
368,2,9,336,174,751
368,3,1151,160,1493,749
368,4,789,315,1054,544
368,16,1673,341,1894,960
369,1,708,437,1222,983
369,2,16,340,270,968
369,3,1155,163,1494,746
369,4,783,315,1046,544
369,16,1668,343,1893,960
370,1,705,435,1224,982
370,2,11,345,291,1032
370,3,1145,161,1487,746
370,4,776,315,1041,548
370,16,1664,345,1891,959
371,1,701,431,1227,983
371,2,13,341,306,1054
371,3,1135,157,1479,747
371,4,781,313,1049,549
371,16,1659,347,1888,956
372,1,698,429,1228,983
372,2,15,343,317,1078
372,3,1126,155,1469,745
372,4,775,313,1044,549
372,16,1644,348,1879,955
373,1,691,421,1236,988
373,2,-35,346,247,1066
373,3,1118,151,1465,750
373,4,758,312,1021,547
373,16,1644,348,1883,952
373,21,0,355,159,765
374,1,682,420,1238,994
374,2,-44,360,219,1065
374,3,1113,149,1461,749
374,4,756,314,1013,547
374,16,1641,349,1881,945
375,1,676,418,1237,995
375,2,-42,380,203,1064
375,3,1110,145,1459,747
375,4,757,317,1011,548
375,16,1638,350,1879,941
376,1,671,415,1235,994
376,2,-9,410,161,874
376,3,1107,143,1461,753
376,4,765,317,1023,550
376,16,1630,348,1878,943
377,1,669,411,1237,992
377,2,9,468,131,789
377,3,1109,138,1462,746
377,4,762,317,1022,550
377,16,1620,350,1868,937
378,1,660,404,1237,994
378,2,16,494,123,765
378,3,1106,134,1462,749
378,4,760,317,1018,547
378,16,1613,353,1864,939
379,1,656,398,1239,992
379,2,21,511,115,749
379,3,1104,132,1465,753
379,4,756,317,1014,547
379,16,1606,354,1860,938
380,1,649,390,1239,991
380,2,13,517,112,761
380,3,1102,129,1465,754
380,4,761,319,1023,550
380,16,1594,357,1851,940
381,1,645,383,1238,988
381,2,12,524,111,763
381,3,1106,130,1470,756
381,4,758,319,1020,550
381,16,1583,356,1843,933
382,1,642,381,1233,984
382,2,9,529,109,764
382,3,1106,127,1477,762
382,4,756,320,1018,550
382,16,1575,355,1839,930
383,1,637,378,1232,986
383,2,5,530,107,768
383,3,1104,124,1476,761
383,10,1108,123,1485,1039
383,16,1574,355,1841,930
384,1,640,380,1228,982
384,2,3,529,107,771
384,3,1102,122,1475,761
384,10,1107,122,1491,1046
384,16,1574,356,1842,925
385,1,640,382,1224,979
385,2,1,528,107,773
385,10,1104,121,1491,1049
385,16,1576,355,1845,919
386,1,633,381,1216,976
386,2,1,535,105,776
386,10,1107,120,1494,1052
386,16,1570,354,1844,924
387,1,627,372,1212,972
387,2,1,541,102,775
387,10,1106,118,1493,1052
387,16,1562,354,1838,922
388,1,615,363,1215,980
388,2,0,547,98,774
388,4,807,317,1063,549
388,10,1108,118,1495,1053
388,16,1561,353,1843,930
389,1,607,364,1207,985
389,4,809,317,1066,549
389,10,1115,115,1501,1054
389,16,1562,353,1847,935
390,1,601,359,1202,985
390,4,812,317,1068,549
390,10,1119,112,1505,1055
390,16,1559,355,1846,937
391,1,587,356,1191,990
391,10,1125,113,1511,1057
391,16,1559,355,1844,934
392,1,589,354,1188,987
392,10,1134,111,1519,1058
392,16,1559,353,1844,930
393,1,587,348,1185,987
393,10,1155,107,1539,1058
393,16,1558,355,1843,934
394,1,592,356,1180,986
394,4,797,313,1051,550
394,10,1165,107,1548,1059
394,16,1556,356,1838,931
395,1,590,353,1177,986
395,4,800,314,1045,547
395,10,1166,105,1547,1059
395,16,1552,356,1833,929
396,1,592,348,1178,983
396,4,800,314,1045,547
396,10,1184,103,1567,1060
396,16,1547,356,1825,930
397,1,592,355,1171,985
397,4,801,323,1036,549
397,10,1202,101,1588,1059
397,16,1544,356,1822,929
398,1,591,358,1166,985
398,4,797,321,1032,550
398,10,1220,101,1610,1059
398,16,1542,356,1819,929
399,1,592,361,1164,987
399,4,794,316,1030,548
399,10,1227,99,1620,1062
399,16,1504,355,1787,935
400,1,588,356,1163,989
400,4,793,317,1025,547
400,10,1240,99,1634,1062
400,16,1498,355,1781,936
401,1,585,353,1163,991
401,4,792,317,1024,547
401,10,1246,99,1643,1063
401,16,1497,355,1780,932
402,1,583,349,1162,991
402,4,791,317,1022,546
402,10,1263,97,1662,1062
402,16,1497,351,1783,928
403,1,576,338,1164,994
403,10,1280,97,1683,1059
403,16,1491,349,1778,926
404,1,573,337,1158,993
404,10,1298,98,1707,1061
404,16,1492,351,1779,926
405,1,573,343,1151,994
405,10,1292,98,1708,1060
405,16,1490,350,1780,927
405,22,1474,104,1754,1037
406,1,578,349,1147,991
406,10,1300,96,1724,1066
406,16,1493,350,1786,932
407,1,578,353,1142,990
407,4,780,317,1012,549
407,10,1308,95,1735,1064
407,16,1488,347,1784,935
407,23,1442,114,1761,1046
408,1,573,348,1141,991
408,4,778,316,1011,549
408,10,1310,94,1739,1063
408,16,1487,345,1795,962
409,1,568,349,1137,996
409,4,777,316,1010,550
409,10,1310,93,1740,1061
409,16,1488,348,1783,944
410,1,566,347,1137,999
410,10,1300,92,1727,1059
410,16,1493,350,1785,948
411,1,564,352,1133,1001
411,10,1281,92,1701,1060
411,16,1503,350,1788,934
412,1,566,358,1130,1003
412,4,771,316,1001,548
412,10,1312,94,1729,1052
412,16,1509,350,1789,930
413,1,566,359,1127,1001
413,4,770,315,998,548
413,10,1331,93,1753,1055
413,16,1509,350,1788,929
414,1,569,361,1126,1000
414,4,768,313,995,547
414,10,1334,94,1761,1061
414,16,1509,350,1788,928
415,1,566,359,1127,1002
415,4,766,313,993,547
415,10,1331,92,1763,1063
416,1,562,352,1129,1003
416,4,764,313,992,547
416,10,1328,92,1763,1062
417,1,563,353,1126,999
417,10,1317,93,1753,1064
418,1,562,347,1125,994
418,10,1318,98,1755,1064
419,1,561,350,1120,991
419,4,761,315,982,545
419,10,1305,101,1740,1065
420,1,560,349,1119,990
420,4,759,315,980,544
420,10,1309,98,1748,1064
421,1,552,340,1121,993
421,4,757,315,978,544
421,10,1328,106,1775,1066
422,1,555,352,1117,995
422,10,1332,111,1786,1067
423,1,557,358,1113,993
423,10,1348,113,1811,1065
424,1,549,359,1110,999
424,10,1342,113,1814,1065
425,1,547,355,1107,993
425,10,1363,113,1846,1064
426,1,543,354,1104,993
426,10,1357,111,1852,1064
427,1,541,354,1099,990
427,10,1348,108,1853,1064
428,1,539,356,1097,991
428,10,1331,105,1842,1062
429,1,536,359,1091,991
429,10,1333,99,1854,1062
430,1,531,360,1091,996
430,10,1329,98,1855,1062
431,1,525,362,1088,1005
431,4,736,317,960,551
431,10,1328,94,1860,1062
432,1,523,359,1084,998
432,4,733,318,958,552
432,10,1337,93,1877,1063
433,1,511,357,1075,1002
433,4,731,318,956,552
433,10,1332,90,1877,1064
434,1,507,354,1066,996
434,10,1341,89,1888,1064
435,1,492,353,1053,1001
435,10,1364,86,1911,1063
436,1,490,353,1042,996
436,10,1375,88,1918,1058
437,1,487,355,1033,994
437,10,1389,84,1929,1055
438,1,470,355,1018,1000
438,10,1407,83,1941,1051
439,1,460,356,1007,1003
439,10,1441,80,1963,1051
440,1,442,356,999,1017
440,4,718,326,927,543
440,10,1461,79,1972,1052
441,1,433,356,998,1028
441,4,716,327,924,542
441,10,1481,79,1980,1055
442,1,431,356,995,1030
442,4,715,328,921,542
442,10,1494,79,1982,1059
442,16,1386,376,1629,895
443,1,429,356,991,1028
443,10,1499,80,1977,1062
443,16,1381,377,1623,893
444,1,429,356,988,1027
444,10,1504,81,1971,1061
444,16,1377,378,1617,892
445,1,428,354,985,1025
445,10,1505,81,1965,1062
446,1,423,354,974,1022
446,4,695,314,911,540
446,10,1507,80,1959,1063
447,1,418,353,966,1021
447,4,693,315,907,541
447,10,1508,81,1955,1065
448,1,420,351,967,1020
448,4,690,311,905,539
448,10,1508,80,1950,1066
448,16,1369,349,1648,953
449,1,416,350,972,1033
449,4,686,308,903,540
449,10,1507,81,1944,1066
449,16,1378,346,1660,975
450,1,413,348,973,1039
450,4,679,307,894,538
450,10,1507,81,1940,1066
450,16,1392,345,1656,938
451,1,412,346,969,1034
451,4,676,306,891,537
451,10,1509,84,1937,1066
451,16,1394,345,1652,929
452,1,407,346,965,1036
452,4,672,304,888,536
452,10,1508,86,1933,1067
452,16,1400,346,1652,919
453,1,403,346,960,1035
453,10,1509,87,1931,1066
453,16,1402,346,1651,915
454,1,400,347,956,1037
454,10,1510,89,1929,1066
454,16,1394,348,1644,912
455,1,394,347,949,1036
455,4,666,326,860,535
455,10,1511,89,1928,1066
455,16,1388,348,1640,913
456,1,387,346,939,1032
456,4,662,327,855,534
456,10,1511,88,1927,1067
456,16,1383,348,1637,912
457,1,387,346,931,1023
457,4,658,315,865,539
457,10,1511,84,1927,1067
457,16,1381,347,1636,909
458,1,385,347,924,1015
458,4,654,315,862,539
458,10,1509,83,1925,1066
458,16,1380,348,1634,907
459,1,374,347,912,1018
459,4,651,315,859,539
459,10,1509,86,1923,1066
459,16,1380,348,1635,910
460,1,373,348,909,1017
460,10,1513,88,1924,1066
460,16,1371,348,1625,902
461,1,374,348,914,1022
461,10,1518,94,1925,1067
461,16,1360,346,1620,910
462,1,358,348,901,1030
462,10,1523,97,1927,1066
462,16,1355,347,1615,906
463,1,356,348,898,1031
463,4,632,305,848,539
463,10,1525,96,1927,1065
463,16,1347,346,1607,903
463,24,1548,375,1919,1059
464,1,353,347,897,1034
464,4,628,304,845,540
464,10,1534,97,1932,1063
464,16,1343,345,1608,904
465,1,349,347,896,1040
465,4,624,303,842,540
465,10,1551,120,1936,1065
465,16,1342,347,1607,899
466,1,347,345,899,1043
466,10,1565,148,1935,1065
466,16,1333,347,1600,900
467,1,347,346,898,1042
467,10,1583,173,1938,1065
467,16,1323,346,1591,902
468,1,346,347,887,1028
468,10,1599,180,1944,1062
468,16,1325,347,1593,902
468,25,1789,185,1919,1063
469,1,340,347,880,1027
469,4,604,307,821,542
469,10,1642,183,1970,1057
469,16,1320,344,1591,901
469,25,1792,191,1922,1067
470,1,330,345,879,1038
470,4,600,306,817,543
470,10,1684,195,1990,1055
470,16,1319,345,1590,899
471,1,327,346,880,1045
471,4,602,318,807,539
471,10,1707,200,1995,1055
471,16,1315,343,1588,900
472,1,322,343,877,1044
472,4,598,319,802,538
472,10,1718,209,1989,1056
472,16,1313,343,1587,898
473,1,321,345,873,1043
473,4,594,320,798,538
473,10,1720,212,1979,1057
473,16,1311,344,1585,898
474,1,319,347,869,1042
474,4,587,314,798,541
474,10,1719,211,1970,1061
474,16,1309,343,1583,898
475,1,315,349,868,1046
475,4,582,314,792,539
475,10,1720,218,1961,1061
475,16,1306,343,1581,897
476,1,309,349,866,1049
476,4,578,314,787,539
476,10,1721,222,1955,1062
476,16,1297,345,1573,897
477,1,302,349,862,1053
477,4,574,314,783,538
477,10,1722,226,1948,1061
477,16,1290,345,1567,898
478,1,302,352,856,1048
478,10,1724,237,1943,1063
478,16,1283,345,1560,898
479,1,302,355,851,1042
479,4,560,308,773,538
479,10,1724,246,1938,1063
479,16,1278,346,1555,898
480,1,294,356,848,1048
480,4,555,308,768,537
480,10,1723,246,1934,1064
480,16,1271,346,1549,897
481,1,287,354,846,1050
481,4,551,307,764,537
481,10,1721,253,1929,1064
481,16,1270,346,1547,896
482,1,280,354,843,1055
482,10,1719,262,1924,1065
482,16,1262,349,1539,896
483,1,274,354,835,1050
483,10,1720,274,1921,1064
483,16,1258,349,1536,896
484,1,268,354,831,1053
484,10,1719,276,1920,1063
484,16,1248,349,1527,896
485,1,262,355,826,1054
485,10,1720,287,1917,1061
485,16,1242,347,1523,897
486,1,257,352,825,1056
486,10,1721,307,1914,1061
486,16,1239,347,1521,899
487,1,250,354,817,1055
487,4,526,321,728,536
487,10,1723,316,1913,1061
487,16,1233,347,1517,901
488,1,245,354,811,1055
488,4,519,314,731,540
488,10,1724,324,1912,1061
488,16,1227,345,1512,901
489,1,237,354,803,1056
489,4,514,312,729,540
489,10,1734,505,1887,1067
489,16,1223,345,1508,902
490,1,234,349,805,1057
490,4,509,312,724,540
490,10,1734,536,1886,1067
490,16,1218,343,1504,901
491,1,230,347,801,1056
491,4,505,311,720,540
491,10,1738,564,1882,1067
491,16,1215,343,1500,901
492,1,224,346,793,1054
492,10,1741,592,1877,1068
492,16,1209,342,1496,902
493,1,222,347,790,1053
493,16,1208,343,1493,900
494,1,221,348,783,1047
494,4,492,309,714,543
494,16,1208,341,1491,896
495,1,219,352,777,1044
495,4,487,308,712,545
495,16,1207,341,1489,894
496,1,215,355,772,1047
496,4,481,307,710,547
496,16,1203,343,1484,894
497,1,198,357,745,1041
497,4,477,311,701,546
497,16,1202,343,1481,894
